word, #word
, 17
10, 1
100, 1
1000, 1
1005, 1
1010, 1
1015, 1
1020, 1
1025, 1
1030, 1
1035, 1
1040, 1
1045, 1
105, 1
1050, 1
1055, 1
1060, 1
1065, 1
1070, 1
1075, 1
1080, 1
1085, 1
1090, 1
1095, 1
110, 1
1100, 1
1105, 1
1110, 1
1115, 1
1120, 1
1125, 1
1130, 1
1135, 1
1140, 1
1145, 1
115, 1
1150, 1
1155, 1
1160, 1
1165, 1
1170, 1
1175, 1
1180, 1
1185, 1
1190, 1
1195, 1
120, 1
1200, 1
1205, 1
1210, 1
1215, 1
1220, 1
1225, 1
1230, 1
1235, 1
1240, 1
1245, 1
125, 1
1250, 1
1255, 1
1260, 1
1265, 1
1275, 1
1280, 1
1285, 1
1290, 1
1295, 1
130, 1
1300, 1
1305, 1
1310, 1
1315, 1
1320, 1
1325, 1
1335, 1
1340, 2
1345, 1
135, 1
1350, 1
1355, 1
1360, 1
1365, 1
1370, 1
1375, 1
1380, 1
1385, 1
1390, 1
1395, 1
140, 1
1400, 1
1405, 1
1410, 1
1415, 1
1420, 1
1425, 1
1430, 1
1435, 1
1440, 1
1445, 1
145, 1
1450, 1
1455, 1
1460, 1
15, 1
150, 1
155, 1
160, 1
165, 1
170, 1
175, 1
180, 1
185, 1
190, 1
195, 1
20, 1
200, 1
205, 1
210, 1
215, 1
220, 1
225, 1
230, 1
235, 1
240, 1
245, 1
25, 1
250, 1
255, 1
260, 1
265, 1
270, 1
275, 1
280, 1
285, 1
290, 1
295, 1
30, 1
300, 1
305, 1
310, 1
315, 1
320, 1
325, 1
335, 1
340, 1
345, 1
35, 1
350, 1
355, 1
360, 1
365, 1
370, 1
375, 1
380, 1
385, 1
390, 1
395, 1
40, 1
400, 1
405, 1
410, 1
415, 1
420, 1
425, 1
430, 1
435, 1
440, 1
445, 1
45, 1
450, 1
455, 1
460, 1
465, 1
470, 1
475, 1
480, 1
485, 1
490, 1
495, 1
5, 1
50, 1
500, 1
505, 1
510, 1
515, 1
520, 1
525, 1
530, 1
535, 1
540, 1
545, 1
55, 1
550, 1
555, 1
560, 1
565, 1
570, 1
575, 1
580, 1
585, 1
590, 1
595, 1
60, 1
600, 1
605, 1
610, 1
615, 1
620, 1
625, 1
630, 1
635, 1
640, 1
645, 1
65, 1
650, 1
655, 1
660, 1
665, 1
670, 1
675, 1
680, 1
685, 1
690, 1
695, 1
70, 1
700, 1
705, 1
710, 1
715, 1
720, 1
725, 1
730, 1
735, 1
740, 1
745, 1
75, 1
750, 1
755, 1
760, 1
765, 1
770, 1
775, 1
780, 1
785, 1
790, 1
795, 1
80, 1
800, 1
805, 1
810, 1
815, 1
820, 1
825, 1
830, 1
835, 1
840, 1
845, 1
85, 1
850, 1
855, 1
860, 1
865, 1
870, 1
875, 1
880, 1
885, 1
890, 1
895, 1
90, 1
900, 1
905, 1
910, 1
915, 1
920, 1
925, 1
930, 1
935, 1
940, 1
945, 1
95, 1
950, 1
955, 1
960, 1
965, 1
970, 1
975, 1
980, 1
985, 1
990, 1
995, 1
KEIMENA, 1
 , 1182
    , 12
 Αν, 1
 Γρικούν, 1
 Εγώ, 1
 Κατανοτιάς, 1
 Κι, 1
 Μα, 1
 Τώρα, 1
 βαθιές, 1
 θαρρείς, 1
 και, 2
 κι, 2
’δειες, 1
’ιντε, 2
’λλαξε, 1
’ντρες, 1
’χνα, 1
Έγνοια, 1
Έπιασε, 1
Έτσι, 1
Έχετε, 1
Έχουν, 1
Ήρθαν, 1
Ήρθε, 1
Όλα, 4
Όλη, 1
Όλοι, 2
Όλος, 1
Όμοια, 2
Όμως, 3
Όντας, 2
Όσο, 1
Ώρα, 2
Ώρες, 1
Αίμα, 1
Αγάλια, 1
Αδέρφι, 1
Αιντε, 1
Ακέριο, 1
Ακλούθα, 1
Ακούμπησε, 1
Ακόμα, 1
Αμάξι, 1
Ανάτειλε, 1
Αναδρομώσα, 1
Αναμερίστε, 1
Ανοίξαν, 1
Ανοίχτε, 1
Απ, 1
Απάντεχα, 1
Απλώνει, 1
Αποσπερίτης, 1
Από, 1
Αραπιά, 1
Αρχίναε, 1
Αρχική, 1
Ασκώθη, 1
Αυτός, 1
Αφέντη, 1
Αφρίζει, 1
Αφροδίτης, 1
Αχ, 2
Αχάα, 1
Αχού, 1
Βάνει, 1
Βάστα, 1
Βάφει, 1
Βαθιά, 2
Βαριές, 1
Βλογώ, 1
Βογκάει, 3
Βοριάς, 1
Βορράστρι, 1
Βουβός, 3
Βόηθα, 2
Γ, 1
Γέλασε, 1
Γέρος, 1
Γεια, 1
Γελούσα, 1
Γερο-ξωμάχος, 1
Γιατί, 2
Γκαρδιώθηκαν, 1
Γλυκά, 1
Γλυκό, 1
Γονατισμένα, 1
Γρικάει, 1
Γρικούν, 1
Γυναίκα, 3
Γυναίκες, 1
Δίπλα, 2
Δε, 3
Δεν, 8
Δική, 1
Δριμιά, 1
Δρομίς, 1
Δροσοπαχνίστηκε, 1
Δυο, 1
Δυσσέα, 3
Δυσσέας, 6
Ε, 3
Είπε, 14
Είχε, 1
Εγώ, 2
Ελένη, 20
Ελένης, 8
Εμείς, 1
Εντός, 1
Επιστροφή, 1
Ευρώτα, 1
Ζήταε, 1
Ζεύει, 1
Ζυγώνει, 1
Η, 4
Θάλασσα, 1
Θάρρουν, 1
Θε, 9
Θεού, 3
Θες, 1
Θεό, 4
Θεός, 19
Θρηνάει, 1
Θρονιάστηκαν, 1
Θυμάσαι, 1
Θωρούσε, 2
ΚΑΖΑΝΤΖΑΚΗΣ, 1
ΚΕΙΜΕΝΑ, 1
Κάντε, 1
Κάποιο, 1
Κάπου, 3
Κάτεχε, 1
Κάτσε, 1
Κάτω, 1
Κάψα, 1
Κένταυρο, 2
Κένταυρος, 4
Κένταυρου, 1
Καβάλα, 1
Και, 12
Καινούρια, 1
Καλά, 4
Καλές, 1
Καλή, 1
Καλυψώ, 1
Καλό, 1
Καλώς, 1
Καμάρωσε, 1
Καμαρωτό, 1
Καρτερός, 2
Κερά, 3
Κεράς, 1
Κι, 50
Κινάει, 1
Κινούν, 1
Κοκιάζου, 1
Κοντεύει, 1
Κουράγιο, 1
Κουφογονάτιασαν, 1
Κράζει, 1
Κρατούν, 1
Κρουφοπαχιά, 1
Κρουφτά, 1
Κόπη, 1
Κόπια, 1
Κύρη, 1
Λάμνουν, 1
Λάμψαν, 3
Λίγα, 1
Λαιμός, 1
Λιανοψιχάλιζε, 1
ΜΑΖΙ, 1
Μάνα, 1
Μέγα, 1
Μέρμηγκα, 2
Μέρμηγκας, 1
Μέσα, 1
Μίλαε, 1
Μα, 29
Μανιάζει, 1
Μας, 1
Μαύρος, 1
Με, 5
Μεμιάς, 1
Μενέλα, 2
Μενέλας, 3
Μερονυχτού, 1
Μες, 3
Μεσάνυχτα, 1
Μεσόστρατα, 1
Μη, 1
Μια, 1
Μιλάει, 1
Μιλούσεν, 1
Μολόγα, 1
Μονάχα, 2
Μπήκαν, 1
Μπορεί, 1
Μυξογελάει, 1
Μυρτιώτισσα, 1
Μωρέ, 7
ΝΙΚΟΣ, 1
Νέος, 2
Νίκη, 1
Ναι, 1
Νικήσαμε, 1
Ντροπή, 2
Νύχτωσε, 1
Ξάφνου, 3
Ξεζώστη, 1
Ξεροκατάπιε, 1
Ξοπίσω, 1
Ο, 25
ΟΔΥΣΣΕΙΑ, 1
Οι, 3
Ομπρός, 2
Ορθοί, 1
Ορφού, 1
Ορφό, 1
Ορφός, 1
Πάππου, 1
Πάρη, 1
Πέφτει, 1
Πέφτω, 1
Πήραν, 1
Παίρνει, 1
Παγωνιά, 2
Παιδιά, 2
Παλιέ, 1
Παμπόνηρε, 1
Παππούλη, 1
Πείνα, 2
Πεινούμε, 1
Πεινούν, 1
Πενταδάχτυλο, 1
Πενταδάχτυλος, 1
Περιλαβώθη, 1
Περνάει, 1
Περνούν, 1
Πηδάει, 3
Πιστή, 1
Πιωμένος, 1
Πολλά, 1
Πολληώρα, 1
Πολύ, 5
Ποτέ, 2
Πού, 2
Πρώτη, 1
Πώς, 1
Σήκω, 1
Σα, 4
Σαλεύαν, 1
Σαν, 4
Σε, 2
Σειούνταν, 1
Σερτά, 1
Σιωπάει, 1
Σκλάβοι, 1
Σκουλήκι, 1
Σκουλήκια, 1
Σκούληκα, 7
Σκούληκας, 19
Σκυφτοί, 1
Σκυφτός, 1
Σκύβει, 2
Σουραύλη, 1
Σούραυλε, 1
Σούραυλος, 1
Σούρνει, 1
Σπάρτη, 2
Σπερώνει, 1
Στ, 1
Στα, 1
Σταλικοπόδιασα, 1
Στενάζει, 1
Στη, 1
Στην, 1
Στο, 4
Στοχάζουμουν, 1
Στοχάζουντα, 1
Στράφη, 1
Στρειδά, 2
Στρειδάς, 3
Στρωτό, 1
Συχώρα, 1
Σφιχτά, 1
Σωπάσαν, 1
Σωπαίνει, 1
Σύραν, 1
Τ, 1
Τέλος, 1
Τέτοιο, 2
Τέτοιους, 1
Τα, 10
Τη, 2
Την, 2
Τηρώ, 1
Τι, 1
Τινάχτη, 2
Τις, 1
Το, 8
Τον, 2
Του, 2
Τούτα, 1
Τούτη, 1
Τραγούδαε, 1
Τραγούδι, 1
Τρεις, 1
Τροίας, 1
Τρόμος, 1
Τώρα, 4
Φίλος, 1
Φούσκωσε, 1
Χάλικα, 1
Χάλικας, 3
Χάρη, 1
Χάρο, 1
Χάροντα, 2
Χάρος, 5
Χάρου, 2
Χίλια, 1
Χαμογελάει, 1
Χιμάει, 1
Χλαπαταγούσαν, 1
Χρόνια, 1
Χτυπούν, 1
Χτυπούσε, 1
Χωρίσαν, 1
Χύθη, 1
Χώσαν, 1
Ψαράδες, 1
Ως, 1
Ωστόσο, 3
Ωχού, 2
άγγιζαν, 1
άγγιξε, 1
άγια, 5
άγιες, 1
άγιο, 1
άγουρου, 1
άγρια, 4
άγριο, 6
άγριου, 2
άδεια, 3
άδειασε, 1
άδειο, 2
άκρα, 3
άκραν, 1
άκρατη, 1
άλαλος, 1
άλλαζε, 1
άλλες, 1
άλλη, 2
άλλο, 1
άλογα, 3
άλουστοι, 1
άμμο, 5
άμπωσε, 1
άμυαλη, 1
άμυαλης, 1
άναβαν, 1
άναψαν, 2
άνεμου, 1
άνεργα, 1
άνεργη, 1
άνθιζε, 1
άνθος, 1
άνθους, 1
άνθρωπο, 5
άνοιγε, 1
άνομο, 1
άντρα, 7
άντρακλους, 1
άντρες, 2
άξαφνα, 1
άπιστης, 1
άπλερο, 1
άπλωνε, 2
άπλωσαν, 1
άπλωσε, 1
άπνογα, 1
άπνογη, 1
άπραγη, 1
άραχνο, 1
άρεσε, 1
άρματά, 1
άρματα, 3
άρμοσε, 1
άρπαξε, 2
άρχισε, 3
άρχοντα, 2
άσκωσε, 2
άσπλαχνα, 2
άσπλαχνη, 1
άσπρα, 2
άσπρο, 1
άστρα, 3
άστραφτε, 2
άστρο, 7
άσφαλτα, 1
άτια, 1
άτρομό, 1
άτσαλα, 1
άτσαλος, 1
άφηνε, 1
άφριζε, 1
άχνα, 2
άχνιζαν, 1
άχραντη, 1
έβανε, 2
έβγαλε, 2
έβλεπε, 1
έγερναν, 1
έγνεψε, 1
έγνοιες, 1
έδιωχνε, 1
έζωσαν, 2
έκαιγε, 1
έκδιψο, 1
έλα, 1
έλαμπε, 1
έλιωσε, 1
έμαθαν, 1
έμπαινε, 1
ένα, 8
ένας, 1
ένιωθε, 1
ένιωσε, 1
έξι, 1
έπαιζε, 2
έπαιξε, 1
έπεσε, 3
έπεφταν, 1
έπεφτε, 1
έπιασαν, 1
έπινε, 2
έριζα, 1
έριχναν, 1
έρμη, 2
έρμο, 1
έρμους, 2
έρχεται, 2
έρωτα, 1
έσκυβαν, 1
έσπασε, 1
έσπειρε, 1
έσταζε, 1
έστεργε, 1
έστυβε, 1
έσφιγγε, 1
έτρεμα, 1
έτρεμε, 3
έτσι, 1
έφαγε, 2
έφερνεν, 1
έφραξε, 1
έφτασε, 1
έχε, 1
έχει, 6
έχεις, 1
έχετε, 1
έχουμε, 1
έχουν, 2
έχω, 1
ήθελε, 1
ήλιο, 9
ήλιος, 1
ήμουν, 1
ήρθαν, 1
ήρθε, 2
ήσουνα, 1
ήσυχα, 1
ήτα, 2
ήταν, 10
ίδια, 2
ίδιο, 1
ίδρο, 1
ίδρωτας, 1
ίσκιο, 2
αίμα, 3
αίματα, 5
αβάσταχτο, 1
αγάλια, 11
αγάπες, 2
αγάπη, 3
αγάπησα, 1
αγέλαστα, 1
αγέρα, 12
αγέρας, 9
αγέρηδες, 1
αγέρι, 1
αγαθά, 6
αγαληνά, 1
αγαλινά, 1
αγαπάει, 2
αγαπημένο, 1
αγαπημένου, 1
αγαποβότανα, 1
αγαπούσε, 1
αγαπώ, 1
αγαπώς, 1
αγγίζοντας, 1
αγγίζω, 1
αγγίξει, 1
αγγίξουν, 1
αγγίξω, 1
αγγονό, 1
αγγόνι, 1
αγελάδας, 1
αγεράκι, 3
αγεράτο, 1
αγεροσεριανίζαν, 1
αγκάλες, 2
αγκάλη, 1
αγκάλιαζε, 1
αγκάλιασε, 3
αγκίδες, 1
αγκίστρι, 1
αγκίστρια, 1
αγκαθιασμένη, 1
αγκαλιά, 6
αγκαλιάσματα, 1
αγκαλιάσουν, 1
αγκαλιαστοί, 1
αγκιστρωθείτε, 1
αγκομαχώντας, 1
αγκουσεμό, 1
αγκρίζαν, 1
αγκυλώσουν, 1
αγλείφαν, 1
αγνάντευε, 1
αγνάντεψα, 1
αγνάντεψε, 2
αγναντεύουν, 1
αγνιά, 1
αγνοί, 1
αγνό, 1
αγουρίδα, 1
αγρίεψε, 1
αγρίμι, 3
αγρίμια, 1
αγριοπερίστερο, 1
αγριόθωρες, 1
αγριόχορτα, 1
αγόρι, 1
αγόρια, 3
αγώνα, 1
αγώνες, 2
αδέρφι, 1
αδέρφια, 4
αδειανό, 1
αδερφέ, 4
αδερφοχτοί, 1
αδερφό, 1
αδερφός, 1
αδιάντροπα, 2
αδιάντροπες, 1
αδρά, 1
αδράχναν, 1
αδράχνει, 2
αδράχνοντας, 1
αδράχνουνταν, 1
αδρομιλούν, 1
αδρό, 1
αδρόπαιζαν, 1
αηδόνι, 1
αθάνατα, 1
αθάνατες, 1
αθάνατο, 4
αθόρυβα, 1
αθώρητος, 1
αιματερά, 1
αιματερό, 1
αιματωμένο, 1
ακέριο, 1
ακαρτερούσε, 1
ακαρτερώ, 1
ακαταστάλαχτο, 1
ακλουθάς, 1
ακλούθα, 1
ακλούθαε, 3
ακλούθουν, 1
ακουμπάει, 1
ακουμπούν, 1
ακούει, 2
ακούμπησε, 1
ακούς, 1
ακούσει, 1
ακούσετε, 2
ακούστη, 6
ακούστηκε, 1
ακράταγο, 1
ακριβό, 4
ακρογιάλι, 4
ακρογιάλια, 2
ακροδαχτύλια, 2
ακροκαταλαγιάζει, 1
ακροπερίγιαλα, 1
ακροτινάζεται, 1
ακρουμάζουνταν, 1
ακρουμαζόταν, 1
ακροφρύδια, 1
ακρόγιαλο, 1
ακόμα, 20
αλάκερη, 1
αλάλητη, 1
αλάλητος, 1
αλάργα, 7
αλάργες, 1
αλάργο, 1
αλέτρια, 1
αλήθεια, 3
αλί, 1
αλίμονο, 1
αλαργινές, 1
αλαργοκουφοπέταε, 1
αλαφοκυνηγήσω, 1
αλαφριά, 2
αλαφροστοίχειωτος, 1
αλαφρό, 3
αλεπονούς, 2
αληθινό, 1
αλλάξαν, 1
αλλάξουμε, 1
αλλήθωρα, 3
αλλαξοδερματίσει, 1
αλλού, 1
αλογίσια, 1
αλόγατα, 10
αλύγιστο, 1
αλώνια, 3
αμάλαγη, 1
αμάξι, 5
αμάξια, 2
αμίλητοι, 1
αμαδολόγαε, 1
αμαξά, 1
αμαξιού, 1
αμαριόλευτος, 1
αμασκάλες, 1
αμασκάλη, 1
αμμουδερό, 1
αμμουδιά, 1
αμμούδα, 2
αμμούδες, 1
αμολούν, 1
αμπάρι, 2
αμπελιού, 1
αμπελοχώραφά, 1
αμπελοχώραφα, 1
αμπελόφυλλα, 2
αμόλησα, 1
αν, 10
ανάβει, 1
ανάβρυζαν, 1
ανάβρυσε, 1
ανάγδαρε, 1
ανάγερτή, 1
ανάγκες, 1
ανάγκη, 3
ανάζεψε, 1
ανάκαρα, 1
ανάκραξε, 1
ανάκρασμά, 1
ανάλαφρα, 1
ανάλαφρο, 4
ανάμεσα, 1
ανάνιωσε, 1
ανάντιασαν, 1
ανάπνεψε, 1
ανάποδη, 1
ανάρια, 1
ανάριες, 1
ανάσα, 2
ανάσαινε, 1
ανάσες, 1
ανάσκωσαν, 1
ανάσυρε, 1
ανάψαν, 1
ανέβα, 1
ανέβαινα, 1
ανέβαιναν, 2
ανέβαινε, 2
ανέβη, 2
ανέβηκαν, 1
ανέβηκε, 3
ανέγνοιο, 2
ανέγνοιοι, 1
ανέλπιστου, 1
ανέμιζαν, 1
ανέμου, 1
ανέμους, 1
ανέσπλαχνος, 1
ανέχουρδα, 1
ανήβουλη, 1
αναβάσταε, 2
αναβαστούσε, 2
αναβούρκωναν, 1
αναβράει, 1
αναβρουχήθη, 1
αναβόλι, 1
αναγάλλια, 1
αναγαλλιάει, 1
αναγαλλιάζει, 1
αναγαλλιούσε, 1
αναγλείφει, 1
αναγυρνούν, 2
αναδιπλώνεται, 1
αναθιβάνει, 1
ανακούφωνε, 1
ανακράταε, 1
αναλαμπές, 1
αναλαμπή, 1
αναλιωτό, 1
αναμάζωνε, 1
αναμαλλιάζουν, 1
αναμεράει, 1
αναμερίζει, 1
αναμερίζοντας, 1
αναμεσός, 5
ανανογούμενος, 1
αναντράνισαν, 1
αναπαίζει, 1
αναπαυτεί, 1
αναπαυτούμε, 1
αναπηδάει, 1
αναπνιά, 1
αναπνιές, 1
αναρωτιέται, 2
αναρωτούσε, 1
ανασέρνει, 1
ανασαίνοντας, 1
ανασαίνουν, 1
ανασαίνω, 1
ανασηκώθη, 1
ανασμηλιώθη, 1
αναστάλαγα, 1
αναστέναζαν, 1
αναστήθηκαν, 1
αναστενάζα, 1
αναστενάρης, 1
αναστοράται, 1
ανατανυέται, 1
ανατανυούσε, 1
ανατινάχτη, 1
ανατολίτικα, 1
ανατριχιάει, 3
ανατριχιάζοντας, 1
ανατρουλώθη, 1
ανατρουλώθηκαν, 1
αναφουντώσετε, 1
αναφουχτώνει, 1
αναφτεράει, 1
αναφτεράκισαν, 1
αναφτεράκισε, 1
αναχάραζε, 1
αναχουλεύουν, 1
αναχούμιζε, 1
ανεβάζουν, 1
ανεβαίναν, 1
ανεβαίνει, 1
ανεβαίνουν, 1
ανεβεί, 1
ανεβολιάς, 1
ανεβώ, 1
ανελίγει, 1
ανεμίζουνταν, 1
ανεμαζώνουν, 1
ανεμαζώξει, 1
ανεμοδούρη, 1
ανεμοστρουφουλίζει, 1
ανεχόρταγα, 1
ανηφοράει, 4
ανηφορούμε, 1
ανηφόρι, 1
ανηφόριζαν, 1
ανθάτο, 1
ανθεί, 1
ανθούς, 1
ανθούσε, 1
ανθρωπολόι, 1
ανθρωποπέλαγο, 1
ανθρωποπερπατάτε, 1
ανθρώποι, 1
ανθρώπου, 11
ανθρώπους, 6
ανθρώπων, 1
ανθό, 2
ανθόσπαρτο, 1
ανοίγα, 1
ανοίγαν, 1
ανοίγει, 1
ανοίγεται, 2
ανοίγοντας, 1
ανοίγουν, 1
ανοίξει, 1
ανοιγμένα, 1
ανοιγοκλειεί, 1
ανοιγοκλειούν, 1
ανοιούν, 1
ανοιχτά, 3
αντάμα, 4
αντάρα, 1
αντήλιο, 1
αντίκρα, 1
αντίσταση, 1
ανταρεμένα, 1
ανταρεμένην, 1
ανταρσιά, 1
αντζοπηδούν, 1
αντικνήμια, 1
αντικρίσει, 1
αντιλάλησε, 1
αντιλάμπισε, 1
αντιλαλάει, 1
αντιλαλούσαν, 1
αντιλογάει, 1
αντιμάμαλο, 1
αντιμιλάει, 1
αντιπατάει, 1
αντιπρόβαλε, 1
αντισπιθίζει, 1
αντισπιθίσαν, 1
αντιστοίβαξε, 1
αντιφέγγει, 1
αντιχτυπούν, 1
αντρίκια, 1
αντρίκιες, 1
αντρίκιο, 1
αντρίστικο, 1
αντραγαθιές, 1
αντραλεμένου, 1
αντρογυναίκες, 1
αντρογυνοχωρίστρα, 1
αντρομίδες, 1
αντροπαλίκαρα, 1
αντροφά, 1
αντροφονιά, 2
αντρούς, 6
αντρωνίτη, 1
αντρόγυνο, 1
αντρόγυνου, 1
αντρόσμιγαν, 1
αντρών, 2
ανόργωτες, 1
ανόσια, 1
ανύπνωτα, 1
ανύπνωτη, 1
ανώγια, 1
αξετέλευτο, 1
απ, 45
απά, 4
απάλαφρα, 1
απάλε, 1
απάντεχα, 2
απάντεχου, 1
απάντησε, 1
απάνω, 9
απάνωθέ, 1
απάνωθε, 1
απαλά, 3
απαλάμη, 2
απαλησμόνησαν, 1
απαλό, 1
απαντέχει, 1
απανωπίθι, 1
απανωτές, 1
απανωχώρια, 1
απασπρού, 1
απελπισμένο, 1
απελπισμένου, 1
απηλογούνται, 1
απιθώνει, 1
απλές, 1
απλοκαμούς, 1
απλοχερίζοντας, 1
απλώνει, 1
απλώνεται, 1
απλώνουν, 1
αποθαμάζοντας, 1
αποκλαίγεστε, 1
αποκορφής, 1
αποκοτιές, 1
αποκρίθη, 1
αποκρεμιούνται, 2
απονιά, 1
αποσβολώνει, 1
αποσκεπάσει, 1
αποσπερίζαμε, 1
αποστάθη, 2
αποτελέψω, 1
αποτραβήχτη, 1
αποχαιρέταε, 1
αποχαιρετήσω, 1
αποχτυπάει, 1
αποχύναν, 1
απρόφταστη, 1
από, 25
απόγυρο, 1
απόδιωχνε, 1
απόκουφα, 1
απόλουτρη, 1
απόμεινε, 1
απόπερα, 1
απόψε, 3
αράδα, 4
αράζα, 1
αράζουμε, 1
αράθυμη, 1
αράθυμος, 1
αρέσει, 3
αρίφνητα, 1
αραδίς, 2
αραθύμια, 1
αραμπαδιές, 2
αργά, 9
αργάζεται, 1
αργάτης, 1
αργατολόι, 1
αργατομάζωμα, 1
αργογλιστρούσε, 1
αργολιούν, 1
αργομιλοΰμε, 1
αργοποράει, 2
αργοσεριάνιζαν, 1
αρετές, 1
αρθούνια, 4
αρκουδίζατε, 1
αρμένιζε, 2
αρματωμένα, 2
αρματωμένος, 1
αρματώνουνταν, 1
αρμεγός, 1
αρμενοκούπι, 1
αρμενούν, 1
αρμηνεύουν, 1
αρμοί, 1
αρμολογάει, 2
αρμυρά, 2
αρμόδεσε, 1
αρμόζει, 1
αρνί, 1
αρνιόταν, 1
αρνοπροβιές, 1
αρούλιζαν, 1
αρπά, 3
αρπάει, 7
αρπάξει, 1
αρπάξουν, 1
αρπάχτη, 1
αρπαχτά, 4
αρπαχτικά, 2
αρπώντας, 1
αρραβώνες, 1
αρρώστησε, 1
αρσενικά, 2
αρσενικό, 1
αρχίζει, 1
αρχίζουν, 1
αρχίζω, 1
αρχίνα, 1
αρχίνησε, 1
αρχίσαν, 1
αρχοντίσιο, 1
αρχονταρίκι, 2
αρχοντικά, 1
αρχοντικούς, 1
αρχοντικό, 2
αρχοντοκατεβαίναν, 1
αρχοντοπατήσεις, 1
αρχοντοφάγια, 1
αρχόντου, 1
ας, 5
ασάλευτα, 2
ασήκωτα, 1
ασίκη, 1
ασβό, 1
ασημοκέρατο, 1
ασκί, 1
ασκιά, 4
ασκοφυσώντας, 1
ασκωθούν, 1
ασκώθη, 4
ασκώνει, 3
ασκώνουν, 1
ασκώνουνταν, 1
ασκώσαν, 1
ασκώσει, 1
ασκώσω, 1
ασπρογυαλίζεί, 1
αστάλωτο, 1
αστάχυα, 1
αστέρευτου, 1
αστέρια, 5
αστακός, 1
αστοχήσαν, 1
αστράτα, 1
αστράφτουν, 1
αστράψουν, 1
αστραπές, 1
αστραπή, 9
αστραπολίθι, 2
αστραπολιθοβόλαε, 1
αστραπόσβησαν, 1
αστρομάτα, 1
αστροπελέκι, 2
αστροπελεκώ, 1
αστροφεγγιά, 1
αστροφωτιά, 1
αστόχαστα, 1
αστόχησα, 1
ασφαλίζει, 1
ατόφια, 2
αυγά, 1
αυγή, 1
αυγής, 1
αυγουλάτα, 1
αυγούλα, 1
αυλές, 5
αυλή, 6
αυλής, 1
αυτά, 2
αυτή, 10
αυτί, 2
αυτιά, 3
αυτοί, 2
αυτούκλα, 1
αυτό, 1
αυτός, 17
αφέντες, 1
αφέντη, 3
αφέντης, 5
αφήκε, 1
αφήνει, 1
αφήνω, 1
αφήσουν, 1
αφήσω, 2
αφανίστηκε, 1
αφεντάδες, 2
αφεντικό, 6
αφεντικός, 1
αφουκράζεται, 2
αφράτο, 1
αφρισμένη, 1
αφριστά, 1
αφρούς, 1
αφρός, 1
αχ, 3
αχάει, 2
αχαμνά, 1
αχεροκάλυβα, 1
αχιβάδες, 1
αχνά, 2
αχνή, 1
αχνίζοντας, 1
αχνίζουν, 1
αχνιά, 1
αχνισμένα, 1
αχνογελάει, 1
αχνογελώντας, 1
αχνό, 2
αχνός, 1
αχνόφωτο, 1
αχούρι, 1
αχτιδιές, 1
αχό, 3
αχόρταγα, 1
αψά, 1
αψηλά, 6
αψηλές, 1
αψηλή, 3
αψηλό, 5
αψόθυμο, 1
αψός, 2
αϊτό, 1
βάλει, 1
βάλουμε, 1
βάλω, 1
βάνει, 2
βάρα, 1
βάραε, 1
βάρβαρα, 1
βάρβαροι, 1
βάρυναν, 1
βάστα, 1
βάσταε, 1
βάσταξε, 1
βάφει, 1
βίγλισε, 1
βαθιά, 19
βαθιογύριζε, 1
βαθιολογούσε, 1
βαθύ, 5
βαθύς, 2
βαλαντωμένος, 1
βαμμένα, 1
βαράει, 4
βαράτε, 1
βαραίναν, 1
βαρβαριά, 1
βαργκωμένοι, 1
βαρδιάνοι, 1
βαριά, 11
βαριές, 2
βαριοτρίξα, 1
βαριόκαρδος, 1
βαρούν, 1
βαρύ, 8
βασίλεια, 1
βασίλισσα, 1
βασιλέψει, 1
βασιλαφεντιά, 1
βασιλιά, 9
βασιλιάδες, 2
βασιλιάς, 7
βασιλικές, 1
βασιλικιά, 1
βασιλικό, 1
βασιλικός, 2
βαστάει, 2
βαστούν, 1
βαστώ, 1
βγάλει, 1
βγάλου, 1
βγάναν, 1
βγαίνει, 1
βγει, 1
βγω, 1
βελάνια, 1
βερέμηδες, 1
βεργολιγνές, 1
βιάση, 4
βιας, 1
βιαστικά, 2
βιαστικός, 1
βιγλούσαμε, 1
βιος, 2
βιτσάτη, 1
βιόλες, 1
βιός, 3
βλάμη, 9
βλάμηδες, 4
βλάμης, 2
βλέποντας, 1
βλέφαρα, 2
βλέφαρο, 2
βλυσίδια, 1
βογκάει, 3
βογκάς, 1
βοδάμαξο, 1
βοδαμάξι, 2
βοηθά, 1
βοηθό, 1
βολά, 2
βολές, 1
βολέψου, 1
βολίζοντας, 1
βολεί, 1
βολεύτε, 1
βολικός, 1
βοριά, 2
βοριάς, 1
βοριαδάκι, 1
βοσκού, 1
βοσκό, 1
βοσκός, 1
βοτάνι, 1
βουβά, 3
βουβές, 1
βουβή, 1
βουβαθήκαν, 1
βουβοί, 2
βουβοκατατάξει, 1
βουβός, 2
βουερά, 2
βουερό, 1
βουλή, 3
βουλοπλένε, 1
βουνά, 4
βουνοκορμί, 1
βουνού, 1
βουνό, 7
βουτηχτούν, 1
βούβαλος, 1
βούλα, 2
βούλες, 1
βούλιαξαν, 1
βράζει, 1
βράχια, 1
βράχο, 1
βρέφος, 2
βρήκα, 1
βρήκαμε, 1
βρήκες, 2
βραδιά, 1
βραδιού, 1
βραχιόνια, 1
βρε, 1
βρει, 4
βροντάει, 1
βροντήξαν, 1
βροντολαλάει, 1
βρουν, 1
βροχή, 1
βροχής, 1
βρούμε, 1
βρούνε, 1
βρυγιασμένα, 1
βρόντηξαν, 1
βρύσες, 1
βρύση, 1
βυζάκια, 1
βυζί, 2
βυζαίνει, 1
βυθάει, 1
βωμό, 1
βόγκο, 1
βόδια, 3
βόηθα, 2
βόλει, 1
βόσκατε, 1
βόσκουν, 1
βόχα, 1
βύζαινε, 1
γάλα, 1
γάργαρο, 3
γέλασαν, 1
γέλια, 1
γέλιο, 5
γένια, 5
γέννησα, 1
γέρνοντας, 1
γέρο, 2
γέροι, 4
γέρος, 5
γέρου, 1
γήλιος, 5
γίνει, 2
γίνεται, 2
γίνουνται, 1
γίσκιος, 1
γαίμα, 1
γαίματα, 1
γαβαθά, 1
γαβαθάς, 5
γαβγίζου, 1
γαγλωτές, 1
γαλάζες, 1
γαλάζια, 1
γαλάζο, 1
γαλήνευε, 1
γαλήνη, 1
γαλαζοβαμμένη, 1
γαλανοί, 1
γαλανομάτα, 1
γαλανό, 1
γαλανόν, 1
γαληνές, 1
γαληνή, 1
γαληνός, 1
γαμπρίσει, 1
γαμπρός, 2
γαντζώσου, 1
γαργαλιούνταν, 1
γαϊτανόφρυδης, 1
γαύρα, 4
γαύρες, 1
γαύρο, 1
γαύροι, 1
γαύρος, 2
γαύρου, 1
γδέρνουντα, 1
γδίκηση, 1
γεια, 3
γελάει, 8
γελάσετε, 1
γελαστές, 1
γελαστό, 1
γελαστός, 1
γελοπρόγκηξά, 1
γελοχαχαρίδας, 1
γελούν, 2
γελούνε, 1
γελούσαν, 1
γελούσε, 1
γελούσεν, 1
γελόκλαιγαν, 1
γελώντας, 2
γενάτες, 1
γενάτο, 1
γενεί, 1
γεννάει, 1
γεννήθηκα, 1
γεννούμε, 1
γερά, 3
γερή, 2
γερανίσει, 1
γερατειών, 1
γερατιά, 2
γερνα, 1
γερο-Σκούληκα, 1
γερο-Σκούληκας, 1
γερο-βλάμης, 1
γεροντοπαχιασμένος, 1
γεροντόβραχος, 1
γερόντοι, 1
γευόνταν, 1
γεύεστε, 1
γης, 52
γηταυρόσκελά, 1
γι, 1
για, 29
γιαλού, 2
γιαλό, 2
γιαλός, 1
γιασεμί, 1
γιασεμιού, 1
γιατί, 9
γιο, 5
γιομάτες, 1
γιομάτο, 2
γιομώσαν, 1
γιομώσει, 1
γιος, 1
γιους, 1
γιόκα, 1
γιόμωναν, 1
γιόμωσε, 2
γκαρδιώθηκαν, 1
γκρέμο, 1
γκρεμίστη, 1
γκρεμισμένου, 1
γκρεμοσυκιές, 1
γκρεμό, 2
γκρεμός, 1
γλαροπούλα, 1
γλαυκό, 1
γλεντούσε, 1
γλιστερό, 1
γλιτώνει, 1
γλιτώστε, 1
γλιτώσω, 1
γλοίτσα, 1
γλυκά, 7
γλυκαίνοντας, 1
γλυκιά, 4
γλυκιάς, 1
γλυκιές, 4
γλυκοδροσολόγαε, 1
γλυκομηλιά, 1
γλυκομιλάει, 1
γλυκοπίπερο, 1
γλυκό, 4
γλυκός, 3
γλυκόσμιγαν, 1
γλυκόσμιξαν, 1
γλύκα, 2
γλώσσα, 3
γνέφει, 2
γνοιαστικιά, 1
γνώριμη, 1
γνώρισα, 1
γοικιάζουνταν, 1
γονάτισε, 1
γονατάει, 1
γονατιστή, 1
γονατιστοί, 1
γονιού, 1
γονιός, 1
γοργά, 5
γοργές, 1
γοργανοίγουν, 1
γοργαστράφταν, 1
γοργοκατεβαίνει, 1
γοργολιμενιάζουν, 1
γοργονούσης, 1
γοργοπίχερος, 1
γοργοσυχναλλάζει, 1
γοργό, 1
γοργόχερος, 1
γουβώνοντας, 1
γοφιά, 2
γούρλωνε, 1
γρήγορα, 1
γρίκαε, 2
γραμμένα, 1
γριά, 1
γριές, 1
γρικάει, 6
γρικήθη, 1
γρικούν, 1
γρικούσε, 4
γρικώ, 2
γρούζει, 1
γυάλιζαν, 3
γυάλισαν, 1
γυάλισε, 1
γυάλος, 1
γυαλίζαν, 1
γυαλιστό, 1
γυαλοκοπούσε, 1
γυαλοφέξει, 1
γυμνά, 1
γυμνές, 1
γυμνοκώλη, 1
γυμνό, 3
γυμνός, 1
γυναίκα, 17
γυναίκας, 3
γυναίκες, 4
γυναικίτη, 1
γυναικειού, 1
γυναικόπαιδα, 1
γυναικός, 4
γυναικών, 1
γυρίζει, 2
γυρίζοντας, 1
γυρίσει, 1
γυρισμόν, 1
γυρνάει, 9
γυρνούμε, 1
γυρνούνε, 1
γυρνώ, 1
γυροβιγλάει, 1
γυροβολιά, 1
γυρογιάλι, 1
γυρογιάλια, 1
γυροτραφίσαν, 1
γωνιά, 2
γωνιές, 1
γόνα, 2
γόνατά, 1
γόνατα, 1
γύμνια, 1
γύπνος, 1
γύπνου, 1
γύρα, 4
γύραθε, 1
γύρισε, 1
γύρναε, 2
δάγκανε, 1
δάμασαν, 1
δάσο, 1
δάχτυλα, 1
δέκα, 2
δέλφινας, 1
δένει, 2
δένουνταν, 1
δέντρα, 3
δέρναν, 1
δέσει, 1
δέχουμαι, 1
δέχτη, 1
δίβουλη, 1
δίκιο, 1
δίνει, 5
δίνουνταν, 1
δίπλα, 2
δίσεχτες, 1
δίχτυα, 2
δίχως, 1
δίψα, 6
δα, 2
δαίμονας, 1
δαγκαμένο, 1
δαγκαματιά, 1
δαδιά, 6
δαμάλα, 1
δαρτή, 1
δαυλό, 1
δαχτυλιδόστομη, 1
δαχτύλια, 1
δε, 31
δείλι, 1
δείλιασε, 1
δείπνο, 2
δείπνος, 2
δει, 4
δειλινού, 1
δειχνε, 1
δεκάξι, 1
δεμάτια, 1
δεν, 43
δεντρικά, 2
δεντροριζοπόδια, 1
δεντρού, 1
δεντρό, 1
δεξά, 5
δεξίμια, 1
δεξό, 1
δερμάτι, 1
δεύτερο, 1
δεύτερος, 1
διάβαιναν, 1
διάβη, 5
διάβηκε, 2
διάνευε, 1
διάτα, 1
διάφανα, 1
διάφανο, 1
διαβάτες, 2
διαβήκαν, 1
διαβεί, 1
διαβούμε, 1
διαγουμίσετέ, 1
διαγουμίσουν, 1
διαγουμίστηκαν, 1
διαγούμισα, 1
διακονιαρά, 1
διαλογισμοί, 1
διαλογισμούς, 1
διαπερνάει, 1
διαστρεμμένα, 1
διαφεντέψει, 1
διαφεντέψω, 1
διδυμάρια, 1
δικά, 2
δική, 1
διπλή, 1
διπλοκάπουλος, 3
διπλοκοίλης, 1
διπλοπόδι, 1
διπλοτρίδιπλες, 1
διπλότροχον, 1
διπλόφουχτα, 1
διποτάματα, 1
διχογνωμούν, 1
διψάει, 1
διψασμένα, 1
διωματάρικο, 1
διώμα, 2
δοιάκι, 1
δοκάρια, 1
δολερή, 2
δολώματα, 1
δοξάρι, 4
δοξαρά, 5
δοξαράς, 10
δοξαρεύει, 1
δοξαρωτή, 1
δοξαρόφρυδη, 1
δουλειάς, 1
δουλευταρού, 1
δουλεύουμε, 1
δούλες, 5
δούλοι, 3
δούλος, 1
δούλους, 1
δούμε, 2
δράκος, 3
δρέπανα, 1
δραγάτες, 1
δρακοπαλεύουν, 1
δρακοφωλιά, 1
δραπάνι, 1
δραπάνια, 2
δρασκέλιζε, 1
δρασκελάει, 1
δρασκελιές, 1
δρασκελωτά, 1
δρομίς, 1
δρομώνει, 1
δρομώνουν, 1
δροσάτα, 1
δροσάτη, 1
δροσάτο, 1
δροσάτος, 1
δροσέρεψαν, 1
δροσίστη, 1
δροσαγερίζει, 1
δροσερά, 2
δροσεράδα, 2
δροσερό, 5
δροσισμένα, 1
δροσογυρογιάλι, 1
δροσοντιντινίζουν, 1
δροσοπηγές, 1
δροσοσταλιές, 1
δροσοσυγκλύζει, 1
δροσόλαλες, 1
δροσόπαγα, 1
δροσόχαρα, 1
δρωτοστάλαχτες, 1
δρόμο, 4
δρόσιζε, 1
δυναμώσαν, 1
δυνατός, 1
δυο, 43
δω, 1
δωκε, 1
δόκανο, 1
δόλια, 1
δόλιο, 1
δόλιοι, 1
δόλους, 1
δόλωμα, 1
δύναμη, 1
δύσκολο, 1
δώμα, 1
δώματα, 2
δώρα, 3
δώρο, 1
δώσει, 1
ε, 1
είδαν, 2
είδε, 1
είκοσι, 1
είμαι, 3
είμαστε, 1
είναι, 6
είπε, 4
είχαν, 2
είχε, 1
εβίγλαε, 1
εγίνη, 2
εγρούζαν, 1
εγύρναε, 1
εγώ, 25
εδείχναν, 1
εδιάβη, 1
εδράμαν, 1
εδρασκέλαε, 1
εδώ, 1
εζούσε, 1
ειδή, 1
ειρήνευε, 1
ειρηνεμένη, 1
ειρηνικά, 2
ειρηνικού, 1
εκράταε, 1
εκράτουν, 1
ελάβωσέ, 1
ελάμπαν, 1
ελεύτερα, 1
ελεύτερο, 1
ελιά, 3
ελιές, 1
ελόγου, 1
εμάς, 2
εμέ, 1
εμένα, 1
εμείς, 4
εννιά, 1
εντολή, 1
εντός, 2
ενόγαε, 1
επάσκιζε, 1
επάταε, 1
επέσαν, 1
επήγαινε, 1
επήδαε, 1
επήρα, 1
επήραν, 2
επήρες, 1
επαίξαν, 1
ερίξαν, 1
εραίναν, 1
ερημιά, 1
ερημιές, 1
ερμιά, 2
ερωτεμένοι, 1
ερωτεμένου, 1
ερωτιάς, 1
ερωτικά, 3
ερωτικό, 2
ερωτοπεριστέρια, 1
εσένα, 1
εσβήσαν, 2
εσείς, 2
εσείστη, 3
εσκιάχτηκαν, 1
εσμίγαν, 1
εσούρθη, 1
εσπέρας, 1
εστάθη, 1
εστάθηκε, 1
εστέναξε, 1
εσύ, 4
ετούτα, 1
ετούτες, 1
ετούτη, 3
ετούτην, 1
ετούτο, 2
ετρέμαν, 1
ετρέχαν, 1
ετρόμαξε, 2
ετρύγαε, 1
ευκή, 1
ευκήθη, 1
ευτυχιά, 1
ευτυχιάς, 1
ευτύς, 2
ευωδιά, 1
ευωδιαστό, 2
εφάνη, 5
εφέτο, 1
εφρούραε, 1
εφτά, 1
εφτάγνωμου, 1
εφτάπατο, 1
εφτάπατου, 1
εφτάψυχο, 1
εφτάψυχου, 1
εφύσαε, 1
εχάθη, 1
εχάθης, 1
εχάρη, 2
εχόντρυνε, 1
εχύθη, 4
εύκολες, 1
ζέστα, 1
ζήσεις, 1
ζήτησα, 2
ζα, 2
ζαγάρια, 1
ζαφορά, 1
ζεματίστηκε, 1
ζερβά, 7
ζερβό, 1
ζεστή, 2
ζεσταίνει, 1
ζεσταθεί, 1
ζεστασιά, 2
ζεστοκοπάει, 1
ζεστό, 4
ζεστός, 1
ζευγάς, 1
ζευγαρώνουν, 1
ζευλωτό, 1
ζευλώνει, 1
ζητάει, 1
ζητούσα, 1
ζητούσατε, 1
ζητώντας, 1
ζο, 1
ζουλεύει, 1
ζούμε, 1
ζούπησε, 1
ζυγαριαζόταν, 1
ζυγιάει, 1
ζυγιάστηκα, 1
ζυγώνου, 1
ζω, 1
ζωή, 10
ζωής, 2
ζωγραφιές, 2
ζωνάρι, 2
ζωντανέψουν, 1
ζωντανό, 1
ζύγια, 1
ζύγιαζε, 1
ζύγωσαν, 1
ζύγωσε, 2
ζύμη, 1
ζώνει, 2
ζώνη, 1
ζώσεις, 1
η, 175
ηλιοκουρνιαχτό, 1
ηλιολαμπές, 1
θ, 5
θάλασσα, 16
θάλασσας, 7
θάλασσες, 1
θάμα, 1
θάμπος, 1
θάμπωσαν, 1
θάνατο, 2
θάρρεψαν, 1
θάρρη, 1
θέλει, 4
θέλημά, 1
θέλουν, 1
θέλω, 8
θέμελα, 2
θέρισε, 1
θέρος, 1
θα, 56
θαλάμι, 1
θαλάμια, 1
θαλασσάγκαθα, 1
θαλασσαϊτός, 1
θαλασσινός, 2
θαλασσοθρινάκι, 1
θαμασμό, 1
θαματουργό, 1
θαμποσταλάζαν, 1
θανατερό, 1
θαράπειο, 1
θαραπαμό, 1
θαρρείς, 5
θαρρώ, 7
θεά, 2
θεάς, 3
θεές, 1
θεία, 2
θείο, 4
θελα, 1
θεμελιακά, 1
θεμελιακούς, 1
θεοί, 6
θεολαμπήθρα, 1
θεομάχος, 1
θεομάχου, 1
θεοφονιάς, 1
θεού, 1
θεούς, 2
θερίζει, 3
θερίζουμε, 1
θεριά, 3
θεριακωτό, 1
θεριεμένο, 1
θερισμό, 1
θεριστάδες, 3
θεριό, 4
θερμή, 1
θερμασμένο, 1
θες, 3
θεϊκό, 2
θεό, 6
θεός, 19
θεόψυχά, 1
θηκαρώνουν, 1
θηλυκιά, 2
θηλυκό, 1
θημωνιές, 1
θησαυρούς, 1
θλίβεται, 1
θνητές, 1
θνητή, 1
θνητούς, 1
θνητό, 1
θνητός, 1
θολά, 2
θολούρα, 1
θολό, 2
θολόν, 1
θολώνει, 1
θολώσαν, 1
θρέφει, 2
θρήναε, 1
θρήνο, 1
θρασεμένα, 1
θρασομανούν, 1
θρηνάει, 1
θρηνούν, 1
θρηνούσαν, 1
θρηνώντας, 1
θρινάκια, 1
θροητό, 1
θρονιά, 1
θρονιάει, 1
θρονιάστη, 1
θρονιαστώ, 1
θρονιούν, 1
θρος, 1
θρούμπας, 2
θρούμπες, 1
θρόνιασε, 1
θρός, 1
θυγατέρα, 2
θυγατέρες, 1
θυμάται, 3
θυμήθη, 3
θυμήθηκα, 1
θυμήθηκε, 2
θυμίζοντας, 1
θυμηθεί, 1
θυμητάρι, 1
θυμούνται, 1
θυμό, 2
θυροστόμια, 1
θωράει, 7
θωράς, 2
θωριά, 1
θωρούν, 1
θωρούσαν, 1
θωρούσε, 4
θωρώ, 9
θωρώντας, 1
θόλωνε, 1
θόλωσαν, 1
θόλωσε, 1
θύμησες, 1
θύμηση, 1
θύρες, 1
θώραε, 1
ιδροκοπάει, 1
ιδρώτας, 1
ιερά, 1
ιερού, 1
ιερό, 2
ισκιώνουνταν, 1
κάβο, 1
κάβουρα, 1
κάθε, 2
κάθεσαι, 1
κάθεται, 2
κάθισε, 1
κάλλη, 1
κάλλια, 1
κάμε, 2
κάμουνε, 1
κάμπο, 8
κάμπος, 4
κάνει, 2
κάνοντας, 1
κάνουν, 1
κάποιο, 2
κάπου, 6
κάρπιζαν, 2
κάστρο, 14
κάστρου, 1
κάτεχαν, 2
κάτω, 1
κέρατά, 1
κέρατα, 1
κέρωσε, 1
κίνησαν, 1
κίνησε, 3
κίντυνα, 1
κίντυνο, 4
κίτρινο, 1
καίγεται, 1
καβάλα, 2
καβαλικεύοντας, 1
καθίζω, 1
καθεμιά, 2
καθισιά, 1
καθούμενοι, 1
καθόμαστε, 1
και, 525
καιγόταν, 1
καινουριώνει, 1
καινούριους, 2
καιροί, 1
καιρού, 1
καιρός, 5
κακαρίσματά, 1
κακαριστά, 1
κακοκαρδίζεις, 1
κακομοίρα, 1
κακοτράχαλο, 1
καλά, 9
καλάμι, 2
καλέ, 4
καλή, 7
καλής, 1
καλαμιά, 1
καλαμιές, 1
καλαμιώνα, 2
καλαρέσαν, 1
καλαφάτην, 1
καλημερίζει, 1
καλημερίζοντας, 1
καληώρες, 1
καλλιά, 1
καλνάει, 1
καλοί, 1
καλοκρέβατη, 1
καλοξεχωρίσει, 1
καλοπόταγης, 1
καλοστεκούλα, 1
καλοσυνεύουν, 1
καλοσύβαστη, 1
καλοφόραδου, 1
καλωσορίζοντάς, 1
καλό, 6
καλός, 5
καλύβι, 1
καλύβια, 1
καλώς, 2
καμάκι, 2
καμάκια, 1
καμάρωνε, 2
καμίνι, 1
καμακιάσει, 2
καμαρώνα, 1
καμαρώνει, 1
καμπάνιζαν, 1
καμπανίζει, 1
κανένας, 2
καπακώνουνταν, 1
καπετάν, 2
καπετάνιο, 3
καπετάνιος, 2
καπετάνισσα, 1
καπνοί, 1
καπνό, 1
καπνός, 2
καράβι, 11
καραβιού, 2
καραβοπούλι, 1
καρδιά, 40
καρδιές, 4
καρδιογνώστης, 1
καρδιοπλάνος, 1
καρδούλες, 1
καρνάδες, 1
καρπερά, 4
καρπισμένη, 1
καρποθέρι, 1
καρπό, 2
καρπόδεντρο, 1
καρπός, 2
καρφί, 1
καρφωμένη, 1
καστρινοί, 1
καστροκαταλύτη, 1
καστροπόρτι, 1
καστρορίχτης, 1
καστρόπορτα, 1
καστρόπορτας, 1
κατά, 7
κατάκαμπα, 1
κατάμαυρο, 1
κατάμαυροι, 1
κατάπιε, 2
κατάρα, 1
κατάρτι, 1
κατάσκαλα, 1
κατάστηθά, 1
κατάφερες, 1
κατάχνια, 2
κατέβα, 4
κατέβαινε, 1
κατέβασε, 1
κατέβη, 2
κατέβηκε, 1
κατέχει, 2
κατέχω, 3
καταβοριά, 1
καταβορρά, 1
καταβόθρα, 1
καταγκρεμίστηκε, 1
καταδέχεταί, 1
καταδέχουμαι, 1
καταδέχουνταν, 1
καταδέχτηκαν, 1
κατακορφού, 1
καταλάει, 1
καταμμουδιάς, 1
καταπάχνιαστο, 1
καταπαχτή, 1
καταπελάγου, 1
καταπού, 1
καταρράχτες, 1
κατασκέπασε, 1
κατασκόρπισέ, 1
κατασκότεινο, 1
καταστηθίς, 1
κατατρομάξει, 1
καταχνιές, 1
καταχορτάσαν, 1
καταχτυπάει, 2
καταχώνιασε, 1
κατεβάσει, 1
κατεβαίνει, 2
κατεβαίνουν, 2
κατηφοράει, 3
κατηφορούν, 1
κατηφόραε, 1
κατράμι, 1
κατωχώρι, 1
κατώφλι, 9
καυκάλι, 1
κείτεται, 3
κελάηδαε, 1
κελάηδι, 1
κελάρια, 4
κελάροι, 1
κελαηδάει, 1
κελαριού, 1
κελαρυστά, 2
κελαρύσματα, 1
κεντημένες, 1
κερά, 2
κεράδες, 2
κερδέψει, 1
κερκέλι, 1
κερνάει, 1
κερνοβόλια, 1
κεφάλι, 7
κεφάλια, 2
κεφάλωναν, 1
κεφαλές, 2
κεφαλή, 11
κεφαλήν, 1
κεφαλής, 2
κεφαλιού, 1
κεφαλόσκαλο, 1
κεχριμπάρι, 1
κι, 373
κινάει, 2
κινάτε, 1
κινήσαν, 1
κιντυνεύω, 1
κιντύνευε, 1
κιοτέψαν, 1
κισσό, 1
κιόλα, 1
κιόλας, 4
κλάμα, 1
κλάματά, 3
κλάματα, 2
κλέφτης, 1
κλαίει, 2
κλαιν, 1
κλαις, 1
κλαρί, 1
κλείσαν, 1
κλείσουν, 1
κλειδωμένα, 1
κλειουν, 1
κλερονομιά, 1
κλερονόμο, 1
κλεφτά, 1
κλεφτοκάραβα, 1
κλεφτοπάταε, 1
κλεφτοφιλημένη, 1
κλεφτόβρυση, 1
κλοτσοσκούφι, 1
κλωθογυρνάει, 1
κλωνάρια, 1
κλότσα, 1
κλώθει, 2
κλώνοι, 1
κλώνους, 1
κλώσαε, 1
κλώσει, 1
κλώσω, 1
κνίσα, 1
κοίταζε, 1
κοιλιά, 2
κοιλιάρες, 1
κοιλιές, 2
κοιμηθεί, 1
κοιμούνται, 3
κοιμόταν, 1
κοκάλιασαν, 1
κοκαλιάρα, 1
κολνάει, 2
κολόνα, 2
κολόνες, 1
κοντά, 2
κοντάρι, 1
κοντάρματα, 1
κονταροσκούταρά, 1
κονταρόχαλα, 1
κοντοζυγώνουμε, 1
κοντοστάθη, 2
κοντό, 1
κοντόχοντρος, 1
κοπάδια, 3
κοπέλα, 1
κοπέλες, 1
κοπαδιαχτά, 1
κοπεί, 1
κοπελιά, 3
κοπελιές, 2
κοπελοΰδες, 1
κοράσο, 2
κορασιά, 1
κορμάκι, 1
κορμάτες, 1
κορμί, 16
κορμαγκαλιά, 1
κορμιά, 6
κορμιού, 1
κορμοξεπάτωσέ, 1
κορμοστασιά, 1
κορμό, 1
κορυφή, 1
κορφάδες, 1
κορφές, 1
κορφή, 3
κορφιάς, 1
κορφοβούνι, 1
κορφοβούνια, 1
κορφονούς, 1
κορώνουν, 1
κοσκινού, 1
κοτσιδάτος, 1
κοτσονάτες, 1
κουβάρι, 1
κουβέντα, 1
κουβέντες, 3
κουβέρτι, 1
κουβαλήσω, 1
κουβαλούσα, 1
κουβαλώ, 1
κουβαλώντας, 2
κουβαριάζοντας, 1
κουβεντιάζαμε, 1
κουδουνιστή, 1
κουδούνια, 1
κουκλώθηκαν, 1
κουκλώνοντας, 1
κουκουβάγια, 2
κουλές, 1
κουνά, 1
κουνάει, 1
κουνήθη, 1
κουνιέται, 1
κουνώντας, 1
κουπί, 3
κουπαστή, 3
κουπιά, 7
κουπολάτες, 1
κουπολασιές, 1
κουπολατούν, 1
κουράζεστε, 1
κουρκουνάτοι, 1
κουρνέλιαζαν, 1
κουρνιάει, 1
κουρνιαχτό, 2
κουρνιαχτός, 1
κουρσάροι, 1
κουρσάρος, 1
κουρσάρους, 1
κουρταλάει, 1
κουτάλες, 2
κουτρουλό, 1
κουτσούβελο, 1
κουφοπλάτανου, 1
κουφοστενάζει, 1
κουφό, 1
κοψε, 1
κούκος, 1
κούνια, 2
κούπα, 1
κούρβα, 1
κράγκωσαν, 1
κράζει, 3
κράξω, 1
κράτα, 1
κράταε, 1
κράτησε, 1
κράχτη, 1
κράχτης, 1
κράχτισσα, 1
κρέας, 3
κρέμασαν, 1
κρέμασε, 2
κρέμεται, 3
κρέμουνταν, 1
κρίματα, 1
κρίνα, 1
κρίνει, 1
κρασί, 16
κρασιά, 1
κρασοκαύκια, 1
κρασοπίθαρα, 1
κρασοπίθαρο, 1
κρασοστάφυλο, 1
κρασωμένο, 2
κρατάει, 10
κρατάς, 1
κρατού, 1
κρατούν, 4
κρατούσαν, 3
κρατούσε, 2
κρατώ, 4
κρατώντας, 2
κραυγή, 1
κρεμάμενα, 2
κρεμάμενη, 1
κρεμάμενο, 1
κρεμάμενους, 1
κρεμάσει, 1
κρεμάστηκαν, 1
κρεμανταλά, 1
κρεμιούνται, 1
κρεμόντα, 1
κρεμόταν, 1
κρινοπρόσωπό, 1
κρουμάζεται, 1
κρουν, 1
κρουστάλλι, 2
κρουσταλλοβραχιόνια, 1
κρουσταλλοκροντήρι, 1
κρουσταλλοσταλαχτίτες, 1
κρουσταλλοφασκιωμένα, 1
κρουφά, 3
κρουφή, 1
κρουφαναρωτήσουν, 1
κρουφανασμηλιώθη, 1
κρουφοί, 1
κρουφογκάστρωτη, 1
κρουφοθαμάζοντας, 1
κρουφολαχταρούσε, 1
κρουφολογαριάζει, 1
κρουφονοματίζουν, 1
κρουφοσμίγαν, 1
κρουφτά, 3
κρούσταλλά, 1
κρούσταλλο, 1
κρρμάσα, 1
κρύψουν, 1
κυβέρνα, 1
κυβερνάει, 2
κυβερνάς, 1
κυκλώνουν, 1
κυκνογεννημένη, 1
κυκνογεννημένο, 1
κυλάει, 1
κυλήσει, 1
κυλίστη, 1
κυλούσαν, 1
κυλούσε, 1
κυματοκυκλίζουν, 1
κυνήγι, 1
κυνηγάει, 1
κυνηγούσαν, 1
κυνηγούσε, 1
κυπαρισσόχνωτο, 1
κυρ, 1
κόβεις, 1
κόκα, 1
κόκαλα, 2
κόκαλο, 2
κόκκινα, 1
κόμποι, 1
κόπη, 1
κόρακας, 2
κόρη, 4
κόρφο, 8
κόρφος, 3
κόσμο, 7
κόσμος, 6
κόσμου, 4
κότσια, 1
κόχες, 1
κόψει, 1
κύκλο, 1
κύκνου, 3
κύκνους, 1
κύμα, 11
κύματα, 3
κύρη, 1
λάβρα, 1
λάγασαν, 1
λάδι, 2
λάλησαν, 1
λάμναν, 1
λάμνετε, 1
λάμνουν, 1
λάμπαν, 1
λάμπει, 2
λάμπου, 1
λάμπουν, 1
λάμψαν, 1
λάμψει, 1
λάμψες, 1
λάμψη, 1
λάρωσα, 1
λάσο, 1
λάχτιζε, 1
λέει, 4
λέμε, 2
λέω, 7
λίγη, 1
λίγο, 1
λίγωση, 1
λαβωματιά, 1
λαβώθηκε, 1
λαβώματα, 1
λαγάζει, 1
λαγάρισαν, 1
λαγαρά, 1
λαγγεμένα, 1
λαγγονιάζει, 1
λαγκαδιάς, 1
λαγκοπεράσματα, 1
λαγκό, 1
λαγούμια, 1
λαγόνια, 2
λαιμό, 13
λαιμός, 6
λαλητό, 1
λαλιά, 2
λαμπήθρες, 1
λαμπαδόχυτες, 1
λαμπερό, 1
λαμποκοπούσε, 1
λαμπρές, 1
λαμπρή, 1
λαμπρό, 5
λαμπρός, 1
λαοί, 2
λαού, 2
λαρύγγι, 3
λαρύγγια, 1
λασιά, 1
λασπεροί, 1
λασπερό, 1
λασποπέλαγο, 1
λατομάει, 1
λαχαίνει, 1
λαχανιάζοντας, 1
λαχνίζοντας, 1
λαχτάραε, 1
λαχτάριζα, 1
λαχτάρισε, 1
λαχταράει, 1
λαχταριστά, 3
λαχταρούσαν, 1
λαό, 5
λαός, 5
λαύρα, 1
λεβέντες, 1
λεβέντης, 1
λεβεντονιός, 1
λεγένι, 2
λεκιασμένο, 1
λες, 12
λευκό, 1
λευτεριά, 1
λεχούνα, 1
λεύτερος, 1
λιακωτό, 4
λιανίζει, 1
λιαστούνε, 1
λιγνά, 2
λιγνή, 2
λιγνό, 4
λιγνός, 2
λιγολαΐσαν, 1
λιγοφορτωμένο, 1
λιγόπνογο, 1
λιμάζοντας, 1
λιμάνι, 3
λινά, 1
λινό, 1
λιοκόρνιο, 1
λιοντάρια, 1
λιοπύρι, 1
λιοστάλαξαν, 1
λιοψημένη, 1
λιχνίζαν, 1
λιχνιστήρια, 1
λιχνούμε, 1
λιόγερμα, 1
λιόδεντρα, 1
λιόκαλη, 1
λιόντας, 1
λιόντες, 2
λιόφρυχτα, 1
λιόχαρη, 1
λιώσω, 1
λογιάει, 1
λογιούμαι, 1
λογισμός, 1
λογιών, 1
λογόφεραν, 1
λοξονούσης, 1
λουλούδια, 1
λουριά, 3
λούστη, 1
λπιζα, 1
λυγάει, 1
λυγαριές, 2
λυγερά, 1
λυγερό, 1
λυγερόγοφη, 1
λυγιστώ, 1
λυθρωμένα, 1
λυκοπρόγονα, 1
λυκοφαμελιά, 1
λυπήθη, 2
λυτρωμό, 1
λυχνάρια, 2
λυχνοστάτες, 1
λόγγο, 1
λόγγος, 1
λόγια, 7
λόγο, 5
λόγος, 2
λόγου, 1
λόχευε, 1
λύγισε, 1
λύκοι, 1
λύτρωση, 1
λύχνου, 1
μ, 3
μάγια, 1
μάγουλα, 2
μάγουλο, 1
μάζωξε, 2
μάθαν, 1
μάνα, 2
μάνες, 1
μάνητα, 4
μάνι, 2
μάντεψε, 1
μάργελα, 1
μάρμαρα, 1
μάτι, 4
μάτια, 35
μάχουνταν, 1
μέγα, 10
μέγαν, 1
μέγας, 6
μέθυσε, 1
μέλι, 2
μένα, 2
μέρα, 12
μέσα, 5
μέση, 6
μήλο, 4
μήτε, 10
μίλαε, 1
μίλησε, 1
μα, 55
μαΐστρα, 1
μαγικό, 2
μαγνάδι, 1
μαζί, 6
μαζώνει, 1
μαζώνουν, 1
μαζώξαν, 1
μαζώχτηκαν, 1
μαθές, 3
μαι, 1
μακελάρης, 1
μακριά, 9
μακριάθε, 1
μακριάν, 1
μακριάς, 1
μακριές, 4
μακρινά, 1
μακρινάρια, 1
μακρινού, 1
μακροξαπλώθηκε, 1
μακροτάξιδο, 1
μακροχαδέματα, 1
μακρόνουρη, 1
μακρύ, 3
μαλακιά, 1
μαλακό, 1
μαλαματένιο, 1
μαλιές, 1
μαλλιά, 12
μαλλιαρά, 3
μαλλιαρές, 2
μαλλιαροί, 2
μαλλιαρό, 1
μαλώνουν, 1
μανάδες, 1
μαντάτα, 1
μαντάτο, 2
μαντάτορα, 1
μαραίνεται, 2
μαραθούν, 1
μαργαριτάρι, 1
μαρμάρωσαν, 1
μαρμαρένια, 1
μαρμαρένιες, 1
μαρουβάς, 1
μας, 42
μασκάλες, 1
μασκάλη, 1
μαστάρια, 3
μαστίγι, 2
μαστορεύουν, 1
μαστορικά, 1
μαστούς, 1
ματάκια, 3
ματιά, 11
ματιάζει, 1
ματιάζοντας, 1
ματιές, 1
ματιού, 1
ματόφυλλο, 1
μαυλίσει, 1
μαυρολογάει, 1
μαυρολογούσαν, 1
μαυρομάλλα, 1
μαυρομάνικο, 1
μαυρομοίρη, 1
μαχαίρι, 3
μαχαίρια, 1
μαϊντάνια, 1
μαύλαε, 2
μαύρα, 5
μαύρες, 2
μαύρη, 2
μαύρο, 7
μαύρος, 4
με, 128
μείναν, 1
μείνω, 1
μεγάλα, 2
μεγάλε, 2
μεγάλες, 1
μεγάλη, 4
μεγάλοι, 1
μεγάλος, 1
μεγαλόπιασμα, 1
μεθυσμένος, 1
μεις, 1
μελίγγοι, 1
μελετάει, 1
μελούδι, 1
μελτέμι, 1
μελώνουν  , 1
μεμιάς, 4
μεριά, 4
μεροδούλικης, 1
μερονύχτια, 2
μεροφέγγαρο, 1
μερτιές, 1
μερτικό, 1
μερτόκλαρα, 1
μερωμένον, 1
μερωμένος, 1
μερόνυχτο, 1
μερώνει, 2
μερώσει, 1
μες, 53
μεσανύχτι, 1
μεσημερού, 1
μεσοβασιλίκια, 1
μεσοφρύδια, 1
μεσοχείμωνα, 1
μεστώθη, 1
μεσόφρυδά, 1
μετά, 3
μετάπνιζαν, 1
μετόχι, 2
μετώρισμα, 1
μη, 18
μηλιές, 1
μην, 15
μηνώ, 1
μια, 22
μιαν, 4
μικρά, 5
μικρές, 2
μικρή, 6
μικρού, 2
μικρό, 5
μιλάει, 6
μιλούσα, 1
μνήμη, 2
μοίρα, 2
μοίρας, 1
μοίρεται, 1
μοιάζει, 2
μοιράσουμε, 1
μοιραστούμε, 1
μοιρολογιούντα, 1
μοιρολόι, 1
μολόγα, 1
μολύβι, 1
μονάχα, 4
μονάχη, 1
μοναξιές, 1
μοναχά, 2
μοναχός, 1
μονιά, 2
μονιάς, 2
μορφονιά, 1
μοσκοβολιά, 1
μου, 96
μου , 1
μουγκά, 1
μουγκρίζει, 1
μουγκρίζοντας, 1
μουργο-Καρτερός, 1
μουρμουρητό, 1
μουσαφίρης, 1
μουσκάρι, 1
μουστάκι, 2
μουστάκια, 1
μουσταρές, 1
μοχτούσε, 1
μούγκριζε, 2
μούγκρισαν, 1
μούγκρισμα, 1
μούσκλωσε, 1
μούστος, 1
μούτρα, 2
μούχρωμα, 1
μπήκε, 1
μπαίνει, 2
μπαινοβγαίνεις, 1
μπαλτά, 1
μπαμπεσιά, 1
μπασιά, 2
μπει, 1
μπερδουκλώνεται, 1
μπλάβα, 1
μπλάβο, 2
μπογάζια, 1
μπορεί, 8
μπορώ, 1
μπουκιά, 1
μπουλούκι, 1
μπουμπουνίζει, 1
μπουμπούνιζε, 1
μπουχτισμένα, 1
μπούμε, 2
μπούρμπουλας, 1
μπράτιμο, 1
μπράτσα, 1
μπρος, 4
μπροσπόδια, 1
μπροστά, 5
μπροσταράς, 1
μπόγια, 1
μπόι, 2
μπόραε, 1
μυαλά, 2
μυαλού, 3
μυαλό, 8
μυαλός, 1
μυγδαλιάς, 1
μυγδαλιές, 1
μυρίζαν, 2
μυρίζει, 1
μυρίζεται, 2
μυρίζουν, 2
μυρίστηκαν, 1
μυρισμένα, 1
μυρουδιά, 1
μυρτιές, 1
μυρωδάτη, 1
μυρωδιά, 2
μυρόπνοος, 1
μυστικά, 1
μυστικό, 2
μυτερό, 2
μωρά, 1
μωρέ, 7
μωροσκοτείνιασμα, 1
μως, 1
μόνο, 2
μόχτο, 1
μύρισε, 1
ν, 52
νέα, 5
νέραϊδου, 1
νέφαλα, 4
νέφαλο, 1
νέφη, 1
νίβουνταν, 1
να, 289
ναι, 10
νανουριστό, 1
ναύλεροι, 1
ναύτες, 1
νερά, 8
νερασκιά, 1
νεραϊδόπαρτος, 1
νεροβουβαλίσια, 1
νεροκαμένοι, 1
νεροκυνηγάροι, 1
νερομάνα, 1
νεροστράτα, 1
νερού, 3
νερό, 21
νερόμυλο, 1
νευρή, 1
νεφρά, 4
νεφροκαρδιογνώστη, 1
νεφρώσεις, 1
νησί, 5
νησιά, 3
νηστικός, 1
νιάμηνα, 1
νιάτα, 2
νια, 5
νιας, 1
νιες, 5
νιοι, 4
νιολουσμένου, 1
νιος, 2
νιόγαμπρος, 1
νιόγαμπρου, 1
νιόθερη, 1
νιόλουρα, 2
νιώθαν, 1
νιώθει, 1
νιώθω, 1
νιώσουν, 1
νογάει, 5
νογάτο, 1
νογιέται, 1
νογούσε, 2
νογώ, 2
νοιάζεται, 2
νοικοκυροσύνες, 1
νοικοκύρη, 1
νοικοκύρηδες, 1
νοστιμιά, 2
νοτερή, 1
νου, 26
νους, 24
νούφαρα, 1
νταούλι, 2
ντροπές, 2
ντροπή, 4
ντροπιάστηκε, 1
ντροπιασμένες, 1
ντροπιαστείς, 1
νυχτερνά, 2
νυχτιά, 2
νυχτοθύρας, 1
νυχτοπάτης, 1
νυχτοπεταλούδα, 1
νυχτοπούλι, 2
νυχτοπούλια, 1
νυχτόμερα, 1
νόγαε, 1
νόμο, 1
νύστα, 1
νύφη, 2
νύχτα, 13
νύχτας, 2
νύχτες, 1
νώμοι, 1
ξάπλωσαν, 1
ξάπλωσε, 1
ξάρτια, 1
ξάστραφτε, 1
ξάστραψε, 1
ξάφνου, 12
ξέδοντες, 1
ξένος, 1
ξέπλυνε, 1
ξέρει, 2
ξέρεις, 1
ξέρω, 1
ξέσπαε, 1
ξέσφαλε, 1
ξέχειλα, 2
ξίγκια, 2
ξαγκλίσει, 1
ξαγοράρη, 1
ξαγριεμένο, 1
ξαγρυπνώ, 1
ξαδιάντροπες, 1
ξακλούθαε, 1
ξακουσμένη, 1
ξακουστό, 1
ξακρίσω, 1
ξαμολάς, 1
ξανά, 3
ξανάρθε, 2
ξανάφερνε, 1
ξανέμιζαν, 1
ξαναδούμε, 1
ξανακερνά, 1
ξαναμμένην, 1
ξαναρθώ, 1
ξαναρχόνταν, 1
ξαναχιμάει, 2
ξαναχτυπάει, 1
ξαναϊδωμού, 1
ξανθά, 1
ξανθιές, 1
ξανθοί, 1
ξανθός, 1
ξανθόςκαι, 1
ξανοίχτηκε, 1
ξανοιχτεί, 1
ξαπλωμένο, 2
ξαπλωμένος, 1
ξαπλωτός, 1
ξαπλώνεται, 1
ξαπλώσει, 1
ξαποσκέλα, 1
ξαστέρωσε, 1
ξαστράψαν, 2
ξαφνικά, 1
ξαφνικό, 1
ξεβίδωσα, 1
ξεγέννησε, 1
ξεγελάει, 1
ξεγοφιάζουν, 1
ξεδίψασα, 1
ξεδιαλέγει, 1
ξεδιαλέτε, 1
ξεζέψουμε, 1
ξεζεύουν, 1
ξεζητάς, 1
ξεζώνατης, 1
ξεθάρρεψε, 1
ξεθράσεψεν, 1
ξεθύμανε, 1
ξεκινάει, 1
ξεκινούν, 1
ξεκλήρισαν, 1
ξεκοκάλισε, 1
ξεκολλήσει, 1
ξεκρίνει, 2
ξεκρίνουν, 1
ξεκρίνω, 2
ξελίγγιαζε, 1
ξελογιάστρα, 1
ξενιτιάς, 1
ξενομάτε, 1
ξενουριά, 1
ξεντρουμισμένα, 1
ξενύχτια, 1
ξεπάτωσε, 1
ξεπατώθη, 1
ξεπεζέψουμε, 1
ξεπερνάει, 1
ξεπερνούσε, 1
ξεπετάει, 1
ξεπλερώσω, 1
ξεπνεμένη, 1
ξεπνεμένοι, 1
ξεπνεμένους, 1
ξεπούλιαζαν, 1
ξεπροβάλετε, 1
ξεπρόβαιναν, 1
ξεπρόβαλε, 3
ξεράγκαθα, 1
ξερίζωνε, 1
ξερακιανός, 1
ξεροκαρκάνιασέ, 1
ξερωτάει, 1
ξεσπάει, 2
ξεσπάσα, 1
ξεστήθωτη, 1
ξεστεγιάζουνταν, 1
ξεστημονιάσαν, 1
ξεστόμισε, 1
ξεσυνέριστος, 1
ξεσφοντυλιάζοντας, 1
ξετέλεψε, 1
ξετελεμό, 1
ξετρέχω, 1
ξετσίπωτες, 1
ξετσούμισε, 1
ξετόπωσες, 1
ξεφτούν, 1
ξεφόρτωνα, 1
ξεφύγει, 1
ξεφύγω, 1
ξεχασκίσαν, 1
ξεχείλισεν, 1
ξεχειλίζα, 1
ξεχνάει, 1
ξεχώριζε, 2
ξημέρωνε, 1
ξημερώθηκαν, 1
ξημερώνει, 1
ξημερώσει, 1
ξιγκοκαπνιά, 1
ξομπλιαστά, 1
ξοφλήθη, 1
ξυπνάει, 1
ξυπνούσε, 1
ξωλαλούν, 1
ξωμερίτης, 1
ξόρισε, 1
ξύλιασαν, 1
ξύλο, 2
ξύστριζε, 1
ο, 260
ογρό, 1
οδοιπορούν, 1
οι, 133
οικοδομούν, 1
οκνά, 2
οκνού, 1
ολάγριες, 1
ολάνθιστο, 1
ολάσπρα, 1
ολάσπρος, 1
ολάφριστο, 1
ολημερού, 1
οληνύχτα, 2
ολοζωής, 1
ολονυχτού, 2
ολούθε, 1
ολόγρο, 1
ολόδρωτο, 1
ολόδρωτος, 1
ολόισια, 1
ολόμαυρο, 1
ολόρθα, 3
ολόρθη, 2
ολόρθο, 1
ολόρθος, 1
ολόρθους, 1
ολότελα, 1
ολόχρουσα, 1
ολόχρουσο, 1
ομάδι, 2
ομορφιά, 4
ομορφιάς, 2
ομπρός, 7
ονείρατα, 1
οπού, 1
οργή, 2
οργώνουμε, 1
ορθά, 1
ορθάνοιχτο, 1
ορθή, 3
ορθοί, 1
ορθογιομώνοντας, 1
ορθοκάπουλη, 1
ορθοστοιβάζουνταν, 1
ορθό, 5
ορθός, 5
ορθόστηθη, 1
ορθόφεγγαν, 1
ορκίζουμαι, 2
ορκίστηκε, 2
ορμή, 1
οσμίζουνταν, 1
ουδέ, 1
ουρά, 3
ουράνια, 1
ουρές, 2
ουρανοδόξαρο, 2
ουρανολίθι, 1
ουρανού, 3
ουρανό, 11
ουρανός, 2
ουρμάζει, 1
οχτιά, 1
οχτροί, 2
οχτρού, 1
οχτρούς, 2
οχτρό, 1
ούρμες, 1
ούρμο, 1
ούτε, 5
πάγκοι, 1
πάγωσε, 1
πάει, 12
πάθη, 1
πάλε, 11
πάλευαν, 1
πάμε, 1
πάνε, 2
πάντα, 4
πάνω, 1
πάρ, 1
πάρε, 1
πάρει, 6
πάρουν, 1
πάρω, 2
πάσα, 2
πάτησα, 1
πάτο, 1
πάψει, 1
πάψω, 1
πάω, 1
πέλαγα, 3
πέλαγο, 6
πέμπει, 1
πέντε, 3
πέπλα, 5
πέπλο, 1
πέρα, 7
πέρασε, 2
πέρατα, 1
πέρναε, 1
πέρφανες, 1
πέσαν, 1
πέσει, 2
πέταε, 1
πέταλο, 1
πέτρες, 1
πέτσινα, 1
πέτυχε, 3
πέφτει, 3
πέφτου, 1
πέφτουν, 1
πέφτω, 1
πήγαιναν, 2
πήγαινε, 1
πήγε, 1
πήδηξε, 2
πήδος, 1
πήλινά, 1
πήλινα, 1
πήλινες, 1
πήλινη, 1
πήραν, 3
πήρε, 5
πίκρα, 1
πίκρες, 2
πίναμε, 1
πίνει, 1
πίνοντας, 1
πίνουν, 2
πίσω, 11
πα, 6
παίζα, 1
παίζει, 2
παίζοντας, 1
παίζω, 1
παίξα, 1
παίξει, 1
παίξουμε, 1
παίρνει, 1
παίρνω, 1
παγωμένες, 1
παγωνιάν, 1
παγωνιές, 1
παγόνι, 1
παγόνια, 2
παιδιά, 24
παιδιών, 1
παιδοφάς, 1
παιχνίδι, 3
παλάμες, 2
παλάτι, 9
παλέματα, 2
παλαμάκια, 1
παλατιανά, 1
παλατιανή, 1
παλιά, 3
παλιάς, 1
παλιές, 1
παλικάρια, 1
παλιό, 1
παλιός, 1
παμπόνηρη, 1
παμπόνηρος, 1
παν, 6
πανί, 2
πανηγύρι, 1
πανιά, 9
πανούκλας, 1
πανούργος, 1
παντερμιά, 1
παντοδύναμου, 1
πανώρια, 1
πανώριο, 1
παππούδες, 1
παρά, 1
παράδερνε, 1
παράπονο, 2
παράτησαν, 2
παράτησες, 1
παράτρεχαν, 1
παράχωσε, 1
παραβαρύνει, 1
παραγγέλνω, 1
παραγγελιές, 1
παραγιοί, 1
παραγκούσευέ, 1
παραδίνουνται, 1
παραδομένο, 1
παραδομένοι, 1
παραδώσω, 1
παραθύρια, 1
παρακαλώ, 1
παραμαντέματα, 1
παραμιλώντας, 1
παραμονέψει, 1
παραμύθι, 2
παραξηλώνεις, 1
παραπατάει, 1
παραπατώντας, 1
παραπονέθη, 1
παραπόνεση, 1
παραστέκει, 1
παρδαλά, 3
παρδαλό, 1
παρηγοράει, 1
παρηγοριά, 2
παρθεί, 1
πασπάτεψε, 1
πασπατεύοντας, 1
πατάει, 2
πατήσαμε, 1
πατημασιές, 1
πατουχά, 1
πατούσε, 1
πατούσες, 1
πατούχα, 2
πατούχας, 1
πατρίδα, 7
πατρικοδομένα, 1
πατροκλερονομιά, 1
πατωσιές, 1
πατώ, 1
πατώματα, 1
πατώντας, 1
παχιά, 2
παχνιά, 1
παχνιού, 1
παχουλή, 1
παχύ, 1
παχύς, 1
πείνα, 5
πεζοί, 1
πεζολατούν, 1
πεζόβολο, 1
πεζός, 1
πεθάνει, 1
πεθυμάει, 1
πεθυμιά, 1
πεικάζοντας, 1
πεινασμένη, 1
πεινασμένοι, 2
πεινασμένος, 1
πεινώ, 1
πεισμάτωσε, 1
πεισματικά, 1
πελάγου, 3
πελεκητό, 1
πεντοβολούσε, 1
περήφανα, 1
περήφανη, 1
περίκαλα, 1
περασμένα, 1
περβόλι, 1
περβόλια, 4
περγελαχτά, 2
περδικοπερπατούσα, 1
περιαύλι, 1
περιγιαλού, 1
περιδιαβάζοντας, 1
περιλουσμένο, 1
περιμένει, 1
περιπλεχτά, 1
περιστέρια, 2
περιτύλιξε, 1
περμάζωξε, 1
περμαζώνοντας, 1
περμαζώνουν, 1
περνά, 1
περνάει, 6
περνούν, 1
περνούσαν, 1
περνούσε, 3
περπατάει, 1
περπατώ, 2
πες, 2
πεσκέσια, 1
πετάει, 1
πετάχτη, 1
πεταχτά, 1
πεταχτήκαν, 1
πεταχτός, 1
πετιούνται, 2
πετούσε, 1
πετροκαύκαλα, 1
πετρολιόντες, 1
πετρολυχνάρια, 1
πετροπέρδικες, 1
πετρωμένα, 1
πεύκια, 2
πεύκου, 1
πηγές, 1
πηγαδόστομα, 1
πηγαδόστομος, 1
πηδάει, 4
πηδήξουμε, 1
πηδούν, 1
πηδούσε, 1
πηλό, 1
πηχτά, 2
πηχτό, 1
πηχτός, 1
πιάνει, 4
πιάνεται, 1
πιάσαν, 2
πια, 52
πιαναν, 1
πιαστούμε, 1
πιαστούνε, 1
πιε, 1
πιει, 1
πιθάρα, 1
πιθάρι, 1
πιθάρια, 5
πιθαροκοιλιές, 1
πικρές, 1
πικρή, 1
πικραθεί, 1
πικροκύματα, 1
πικρούς, 2
πικρό, 2
πιλάλα, 1
πιο, 15
πιοτά, 1
πιοτό, 1
πιουν, 3
πιπιλίζει, 1
πιστέ, 1
πιστεύτε, 1
πιστοί, 1
πλάθει, 1
πλάι, 1
πλάκες, 2
πλάκωσε, 2
πλάνος, 1
πλάνταε, 1
πλάνταξε, 1
πλάτες, 6
πλέψει, 2
πλήθη, 3
πλήθια, 3
πλήθιες, 1
πλήθιο, 1
πλήθος, 2
πλήθυνε, 1
πλαγιά, 1
πλαγιάδα, 1
πλακώνει, 3
πλανέψεις, 1
πλανέψουν, 1
πλανερή, 1
πλανταμένο, 1
πλαντούσε, 1
πλατάνι, 1
πλατάνια, 2
πλατανιού, 2
πλατιά, 3
πλατιές, 2
πλεν, 3
πλενε, 1
πλεξούδες, 2
πλερώνεις, 1
πλερώσεις, 1
πλεχε, 1
πληθερό, 2
πλημμυρανερούσα, 1
πλημμύρισαν, 1
πλουμιά, 1
πλουμιστά, 1
πλουσιοφάνταχτα, 1
πλούσια, 4
πλούσιο, 1
πλούσιου, 1
πλούτη, 1
πλούτος, 1
πλωρίτη, 1
πλωτή, 6
πλώρα, 12
πλώριζε, 1
πνίγω, 1
πνιγήκαν, 1
πνιχτά, 1
πνιχτός, 1
πνοή, 2
πο, 1
ποδάρι, 2
ποδάρια, 2
ποδένει, 1
ποθαμάζουνταν, 1
ποθητό, 1
ποια, 1
ποιο, 4
ποιον, 3
ποιος, 5
ποκάτω, 1
ποκαρβουνίδια, 1
πολεμάει, 2
πολεμάς, 1
πολεμήσω, 1
πολεμίστρες, 2
πολεμικό, 1
πολεμιστές, 1
πολιτείες, 2
πολλά, 6
πολλές, 1
πολλή, 1
πολλούς, 1
πολυβάσανοι, 1
πολυβάσανος, 1
πολυβούλης, 1
πολυκάτεχος, 1
πολυκορφονούση, 1
πολυμάσταρη, 1
πολυμήχανε, 1
πολυμήχανος, 1
πολυνούσης, 1
πολυξίγκη, 1
πολυπλάνητος, 1
πολυπλάνητου, 1
πολυπλάνου, 1
πολυφιλημένος, 1
πολύ, 13
πολύγνωμος, 2
πολύπαθος, 3
πολύπληθα, 1
πολύτροπος, 1
πονηρός, 5
πονοψύχη, 1
ποντίστη, 1
πορίζει, 1
πορίζω, 1
πορφυρά, 1
πορφυρό, 1
ποτέ, 5
ποτίσει, 1
ποταμοστοιχειό, 1
ποταμού, 1
ποταμό, 1
ποταμός, 3
ποτρώγαμε, 1
που, 71
πουκαμισάκι, 1
πουλί, 6
πουλιά, 2
πουν, 1
πουρνοκέφαλος, 1
πουρνό, 5
ποφάγαν, 1
ποχαιρετά, 1
ποχαιρετάει, 4
πού, 6
πούθε, 1
πούμε, 1
πράσινες, 1
πρέπει, 1
πρίμος, 1
πραγάλιασε, 1
πραγαλιάσουν, 1
πραματευτάδες, 1
πρεπό, 1
πριν, 1
πριχού, 1
προβάλαν, 1
προβάτα, 1
προβαίνει, 1
προβιές, 1
προβοδούν, 1
προγκάς, 1
προγονικό, 1
προγονοδαχτυλίδι, 1
προγόνοι, 1
προγόνους, 1
προσηλιακά, 1
προσκαλνάει, 2
προσκυνητάρι, 1
προσκυνούνε, 1
προσκυνώ, 2
προσπάππου, 1
προστάζει, 4
προσταγή, 1
προσφυγιάς, 1
προσώμια, 1
προυκιά, 1
προυκοκάμουσες, 1
προυκοφέρνει, 1
προφητείες, 1
προχώραε, 1
προύντζινα, 1
προύντζινο, 4
προύντζινοι, 2
προύντζινό, 1
πρωτάνθη, 1
πρωταφράτη, 1
πρωτογιό, 1
πρωτογονιοί, 1
πρωτοκάραβος, 2
πρωτόφερνε, 1
πρόβαλαν, 1
πρόβαλε, 4
πρόγονοί, 1
πρόθυμος, 1
πρόσμενα, 2
πρόσμεναν, 1
πρόσμενε, 1
πρόσωπο, 1
πρόσωπό, 1
πρύμνα, 1
πρώτα, 1
πρώτη, 1
πρώτος, 1
πυκνές, 1
πυκνό, 1
πυξίδι, 1
πυργωτό, 1
πυρκαγιά, 2
πυροστιά, 1
πυροστιές, 1
πυρωμένα, 1
πυρωμένες, 1
πυρωμένο, 1
πυρό, 1
πω, 1
πως, 11
πόδι, 1
πόδια, 5
πόθο, 1
πόθος, 1
πόθου, 1
πόνο, 2
πόνος, 1
πόρο, 1
πόρτα, 2
πόρτες, 1
πόσο, 1
πότε, 2
πότισε, 1
πύργοι, 1
πύρινά, 1
πύρινος, 1
πώς, 9
ράιζαν, 1
ρέγουνταν, 1
ρέκαξε, 1
ρέμα, 2
ρέματα, 1
ρήγα, 2
ρήγας, 3
ρήγισσα, 1
ρίζα, 1
ρίζες, 2
ρίζωσε, 1
ρίξει, 2
ρίξεις, 1
ρίξουν, 2
ρίχναν, 1
ρίχνει, 3
ρίχνουν, 2
ραβδί, 1
ραβδιά, 1
ραγισμένοι, 1
ραθύμησε, 1
ραμφί, 1
ραμφίζαν, 1
ραντίσαν, 1
ρε, 2
ρεποθέμελά, 1
ρηγικά, 1
ρημαγμένο, 1
ρημαδιό, 1
ρηχοκατεβαίνει, 1
ρθει, 3
ρθεις, 2
ριζικό, 1
ριζιμόφλεβές, 1
ριζόκαστρο, 1
ριζώνεται, 1
ριξε, 2
ροβολάει, 1
ροβολούσε, 1
ροβόλαγαν, 1
ρογιά, 1
ροδάτη, 1
ροδάφνες, 4
ροδοδάφνης, 1
ροδοφώς, 1
ροδοχαμογελούσε, 1
ροδούν, 1
ροδόσταμο, 1
ροδόφεξεν, 1
ροδόφυλλα, 1
ροδόφωτο, 1
ρουθούνια, 1
ρουσοκοκκίνισαν, 1
ρουσοχαίτες, 1
ρουσόμαλλος, 1
ρούφουλας, 1
ρούχα, 1
ρυάζεται, 1
ρωτάει, 1
ρόδα, 4
ρόδες, 1
σάβανο, 1
σάλεψε, 1
σάπη, 1
σάρκα, 4
σάρκας, 2
σάρκες, 2
σέρνει, 1
σήκω, 1
σήκωνε, 2
σίδερο, 4
σίτινου, 1
σα, 52
σαβούρα, 1
σαγίτα, 1
σαγίτας, 1
σαγίτες, 2
σαγίτευε, 1
σαγιτεύει, 1
σαγιτιά, 1
σαγιτοβιγλούσε, 1
σακουλοβύζα, 1
σαλάγγιασε, 1
σαλαχάει, 1
σαν, 63
σαράβαλο, 1
σαράκια, 2
σαραντάπηχος, 1
σαρκερή, 1
σας, 25
σαστικιά, 1
σβάρναε, 1
σβέρκο, 1
σβήναν, 1
σβήνει, 1
σβήνω, 1
σβήσαν, 1
σβήσει, 1
σγουρά, 1
σγουρή, 2
σγουρό, 2
σγουρός, 2
σγουρόφυλλο, 1
σε, 61
σείστηκαν, 1
σειουνταν, 1
σειούνε, 1
σειούνταν, 1
σειρά, 1
σειροβολιά, 1
σελίδα, 1
σεντέφια, 1
σεντούκια, 2
σεντόνι, 1
σεντόνια, 1
σεργιάνι, 1
σεριανάει, 1
σεριανάς, 1
σερτά, 1
σηκωθούν, 1
σηκώθη, 5
σηκώνει, 4
σηκώνεται, 1
σηκώνοντας, 1
σηκώνουμαι, 1
σηκώνουν, 1
σηκώσω, 1
σημάδευε, 1
σιγά, 5
σιγάχνιζε, 1
σιγή, 2
σιδερά, 1
σιδεραντιφεγγίζουν, 1
σιδερομάχαιρα, 1
σιδερό, 2
σιργουλευτά, 1
σιωπάει, 1
σιωπή, 2
σιωπής, 1
σκάλες, 3
σκάλωσε, 1
σκάρωσα, 1
σκέλια, 2
σκέπασε, 1
σκίζει, 1
σκαλί, 2
σκαλιά, 2
σκαλοπάτια, 1
σκαμνιά, 1
σκαμπανεβάζει, 1
σκαρμοί, 1
σκαφίδι, 1
σκεβρός, 1
σκεπαρνοδόντης, 1
σκιάζουν, 1
σκιάχτηκε, 1
σκιανοί, 1
σκιανός, 1
σκλάβα, 1
σκλάβες, 2
σκλάβο, 1
σκλάβοι, 3
σκλαβιάς, 1
σκλαβοπούλες, 1
σκληρίζοντας, 1
σκληρίζουν, 1
σκοίνα, 1
σκολάσει, 1
σκοπούς, 1
σκοπό, 6
σκοπός, 1
σκορπίζουνται, 1
σκορπίζουνταν, 1
σκορπίσει, 2
σκορπιός, 1
σκορπούν, 1
σκοτάδι, 5
σκοτεινά, 4
σκοτεινές, 1
σκοτεινιά, 1
σκοτεινιάσει, 1
σκοτεινό, 2
σκοτώνει, 2
σκοτώνεις, 3
σκοτώνουνταν, 1
σκουλήκι, 1
σκουλήκια, 4
σκουλήκου, 1
σκουληκάκια, 2
σκουλωτές, 1
σκουντάει, 2
σκουντρούν, 1
σκουτί, 1
σκουτιά, 2
σκουφί, 2
σκούζαν, 1
σκούζει, 2
σκούζεις, 1
σκούληκας, 1
σκούφια, 3
σκρόφα, 1
σκυλιά, 1
σκυλόδοντά, 1
σκυμμένη, 1
σκυφτή, 3
σκυφτοί, 1
σκυφτός, 4
σκόρπααν, 1
σκότωνε, 1
σκότωσε, 1
σκύβοντας, 1
σκύβω, 2
σκύλες, 1
σμίγουμε, 1
σμίγουν, 1
σμίγουνε, 1
σμίξει, 1
σμίξουμε, 1
σμίξουν, 1
σμηναριού, 1
σμιχτοφρύδα, 1
σοδειά, 2
σοζύγιαε, 1
σου, 45
σουραυλάει, 1
σουραύλα, 1
σουραύλη, 2
σουραύλης, 1
σουραύλι, 2
σουραύλισε, 1
σουρμά, 1
σουρτά, 1
σουρταφέρνανε, 1
σουρτούς, 1
σούβλα, 1
σούραυλος, 1
σούραυλου, 2
σούρθη, 1
σούρθηκαν, 1
σούρθηκε, 4
σούρναν, 1
σούρνει, 3
σούρουπο, 1
σπάσω, 1
σπέρνουμε, 1
σπέρνουνται, 1
σπήλια, 1
σπήλιο, 2
σπήλιος, 1
σπίθιζαν, 3
σπίθισε, 1
σπίτι, 5
σπίτια, 4
σπαθί, 8
σπαθίσει, 1
σπαθιά, 3
σπαρμένα, 1
σπαρμένου, 1
σπαρτάρισε, 1
σπείρεις, 1
σπειρωτά, 1
σπηλιά, 5
σπηλιές, 1
σπιθίσαν, 3
σπιθοβολούσε, 1
σπιθόλιοντα, 1
σπιτάκι, 1
σπιτιού, 1
σπλάχνα, 7
σπλάχνο, 3
σπλάχνου, 1
σπλαχνίστηκε, 1
σπλαχνιά, 2
σπόρος, 1
στ, 12
στάβλο, 1
στάβλου, 1
στάθη, 6
στάθηκαν, 2
στάθηκε, 1
στάλα, 4
στάλαε, 1
στάμενοι, 1
στάμνες, 1
στάρι, 2
στάσου, 2
στάχτη, 1
στάχυα, 1
στέγες, 2
στέγη, 1
στέκαν, 1
στέκει, 4
στέκεται, 2
στέκουμαι, 1
στέκουντα, 1
στέκω, 1
στέναζεν, 1
στέναξε, 4
στέρεη, 1
στέρια, 1
στέρνας, 1
στέρφα, 1
στέρφο, 1
στήθη, 1
στήθια, 15
στήθος, 5
στήθωμα, 1
στήνει, 1
στα, 111
σταθήκαν, 1
σταθεί, 2
σταθείς, 1
σταθώ, 1
σταλάζα, 1
σταλάζοντας, 1
σταλοβολούν, 1
σταμνιά, 1
στανιό, 1
σταρόκαμπο, 1
σταρόκαμπος, 1
σταύρωσε, 1
στεγνώξαν, 1
στεκάμενες, 1
στελιώνουν, 1
στενά, 1
στενάζα, 1
στενάζαν, 1
στενάζει, 1
στενή, 1
στενεμένη, 1
στεριά, 7
στεριάς, 1
στεριές, 3
στεριανό, 1
στεριωθεί, 1
στερνές, 1
στερνό, 1
στεφανώνει, 1
στη, 75
στηθιού, 1
στηλώνοντας, 1
στην, 53
στης, 6
στιγμή, 3
στις, 31
στο, 158
στοίβες, 1
στοιχειά, 2
στοιχειωμένα, 1
στοιχειό, 1
στοιχειώνεται, 1
στολισμένη, 1
στολιστώ, 1
στον, 63
στορούσαν, 1
στου, 12
στουμούχα, 1
στουπί, 1
στουρνάρι, 1
στους, 9
στοχάζουντα, 1
στοχάζουσουν, 1
στοχασμοί, 1
στοχασμό, 1
στοχασμός, 1
στούπα, 2
στράτα, 4
στράτες, 1
στράφη, 1
στρίβει, 1
στρίβεις, 1
στρίβοντας, 1
στραβά, 2
στραβολαιμιάει, 1
στραβώνοντας, 1
στραταρίζοντας, 1
στρατοί, 1
στρατολάτες, 1
στρατούς, 1
στρατός, 1
στραφτάλιζαν, 1
στραφτάλιζε, 1
στραφταλιστές, 1
στραφταλιστό, 1
στρηνιάζοντας, 1
στριγμώνουνται, 1
στριμμένος, 1
στριμώχτε, 1
στριμώχτη, 1
στριφτά, 1
στριφτούς, 1
στρογγυλά, 2
στρογγυλές, 1
στρογγυλοκεφαλάδες, 1
στρουφίζεται, 1
στρουφίζουνταν, 1
στρουφιχτά, 1
στρουφιχτό, 2
στρουφογυρνάει, 1
στροφοί, 2
στρούγκα, 1
στρούφιζε, 1
στρωσίδι, 1
στρωσίδια, 1
στρωτές, 1
στρωτή, 1
στρωτό, 1
στρώθηκαν, 1
στρώμα, 2
στρώνει, 2
στρώσει, 1
στρώσω, 1
στων, 1
στόμα, 8
στύλο, 1
στύψε, 1
συ, 2
συγκάρταλος, 1
συγκλύσετε, 1
συγκόρμιασε, 1
συδαύλα, 1
συδυό, 2
συλλογή, 1
συμισατόρους, 1
συμμαζωμένα, 1
συμμαζωχτείτε, 1
συμμαζωχτοί, 1
συμπαίνει, 1
συμπλαγιές, 1
συμπόνια, 1
συνάρμενοι, 1
συνεπάρει, 1
συνεπήρε, 1
συνεπαίρνεται, 1
συνεπαρμένα, 1
συνοδεία, 1
συντάζει, 1
συντάραχο, 1
συνταιριαχτά, 1
συντηράει, 2
συντρίφτη, 1
συντραβάει, 1
συντριβάνια, 1
συντρικυμίσει, 1
συντροφιά, 1
συντροφιάς, 1
συντροφικά, 1
συντρόφοι, 2
συντρόφου, 1
συντρόφους, 1
συρμές, 1
σφάλιξε, 1
σφάλνα, 1
σφάξω, 2
σφάραζαν, 1
σφήκα, 1
σφίγγει, 1
σφίξει, 1
σφαγή, 2
σφαγαριά, 1
σφαγομαθημένη, 1
σφαλίξει, 1
σφαλιχτεί, 1
σφαλνάει, 1
σφαμένη, 1
σφιχτά, 4
σφιχτός, 1
σφουγγίζει, 1
σφούγγιξε, 1
σφυράει, 1
σφυροκοπάει, 1
σφύραε, 1
σφύριξε, 1
σωθικά, 2
σωπάσαν, 1
σωρό, 1
σύγκλυση, 1
σύθαμπα, 1
σύθολη, 1
σύκα, 3
σύμπλαγα, 1
σύνεργατσαπιά, 1
σύννεφο, 1
σύνορα, 1
σύνταζαν, 1
σύντας, 2
σύντοιχα, 1
σύντρεμε, 1
σύντροφέ, 1
σύντροφε, 2
σύντροφο, 1
σύντροφοι, 2
σύραν, 1
σύρε, 1
σύρριγος, 1
σύρριζα, 1
σύφλογον, 1
σύψυχο, 1
σώμα, 4
σώπαε, 1
τ, 86
τάσι, 1
τάχα, 4
τέλεψε, 2
τέλος, 1
τέσσεροι, 1
τέταρτο, 1
τέτοιος, 1
τέχνη, 2
τήρααν, 1
τήραε, 1
τα, 332
ταίρι, 6
ταίριαζε, 1
ταίριαξες, 3
ταγάρι, 1
ταγίζει, 1
ταιριάζει, 1
ταμαχιάρης, 1
ταμπουρώσει, 1
ταν, 9
τανυούσε, 1
τανύστε, 1
ταξίδια, 1
ταξιδευτής, 2
ταξιδιού, 1
ταπεινά, 1
ταπεινή, 2
ταπεινότη, 1
ταρακουνούν, 1
ταραχτεί, 1
ταυρί, 3
ταυριά, 1
ταυρόπουλο, 3
ταψιά, 2
τειχιά, 1
τελέψει, 2
τετρακόσια, 1
τζάκι, 4
τζελάτη, 1
τη, 120
την, 112
τηράει, 1
τηρώντας, 2
της, 136
τι, 16
τινάζει, 1
τινάζουνταν, 1
τινάχτη, 2
τις, 57
το, 375
τοίχους, 2
τομάρι, 1
τον, 102
του, 387
τουμπελέκι, 1
τους, 82
τούμπανο, 1
τούτα, 1
τούτο, 1
τράβα, 1
τράβαε, 1
τρέμει, 1
τρέμω, 1
τρέχαν, 2
τρέχει, 3
τρέχουν, 2
τρία, 2
τρίδιπλες, 1
τρίζει, 1
τρίζουν, 2
τρίξαν, 1
τρίπατα, 1
τρίπατο, 1
τρίποδα, 1
τρίτη, 1
τρίχες, 1
τρίψαλα, 1
τραβάει, 4
τραβάμε, 1
τραγανή, 1
τραγανό, 1
τραγουδάει, 1
τραγουδήσω, 1
τραγουδιού, 1
τραγουδώ, 1
τραγούδαε, 1
τραγούδι, 8
τρανές, 1
τρανή, 2
τρανούς, 1
τρανόδοντα, 1
τρανός, 2
τραπέζι, 1
τραπέζια, 2
τραπεζάρης, 1
τραχηλιά, 1
τραχιά, 1
τραχιές, 1
τραχύς, 2
τρεις, 4
τρεκλίζοντας, 1
τρεμάμενες, 1
τρεμάμενη, 1
τρεμοσαλεύαν, 1
τρεμούλα, 1
τρεμόπαιξε, 1
τρεμόφεγγαν, 1
τρεχάμενο, 1
τρεχάμενου, 1
τρικυμιστές, 1
τριπλοκοίλικο, 1
τρισεύγενη, 1
τριχιά, 1
τριχωτούς, 1
τρογυρνάει, 1
τρογυρνούσαν, 1
τρογυρνούσε, 1
τρογύρα, 6
τρομάζα, 1
τρομάζοντας, 1
τρομάρα, 1
τρομάρες, 1
τρομαγμένα, 1
τρομαγμένο, 1
τρουλωτές, 1
τρουπώνω, 1
τροχαλάει, 1
τροχοί, 1
τρυγήσει, 1
τρυγονοσούρτης, 1
τρυγούσαν, 1
τρυφερά, 1
τρυφερή, 1
τρων, 4
τρως, 1
τρόμαξαν, 1
τρόμαξε, 1
τρόμο, 7
τρώγαν, 1
τρώγεστε, 1
τρώει, 1
τρώμε, 1
τσέλιγκα, 1
τσίκνα, 1
τσαγκρομαχούμε, 1
τσακίζει, 1
τσακίσματα, 1
τσαντίρια, 2
τσεκούρι, 2
τσοπάνα, 1
τσοπανοπούλες, 1
τσουρμαρίζει, 1
τσουρούφλισε, 1
τσούρμα, 3
τσούρμο, 1
τυλίγει, 2
τυλίγοντας, 1
τυλιγάδιαζε, 1
τυλιγαδίζουν, 1
τυφλή, 1
τυφλοπόντικα, 1
τυχερός, 1
των, 5
τόπο, 1
τόπου, 1
τόσο, 1
τότε, 12
τώρα, 13
υγειά, 1
υπομονή, 2
φάγαν, 1
φάε, 1
φάει, 2
φάμε, 1
φάνε, 2
φάνη, 1
φάνηκαν, 1
φάνηκε, 1
φάντασμα, 1
φάω, 1
φέγγα, 1
φέγγαν, 1
φέρει, 2
φέρναν, 1
φέρνει, 1
φίδι, 1
φίδια, 1
φίλιωσαν, 1
φίλντισι, 3
φίλο, 1
φίλοι, 5
φίλου, 4
φίλους, 2
φαΐ, 2
φαίνεταί, 1
φαγάνας, 1
φαγάς, 1
φαγιού, 1
φαγοπότι, 1
φαλαγγωμένος, 1
φαλλός, 1
φαν, 3
φαναν, 1
φανεί, 2
φανούν, 1
φαντάσματα, 1
φαντασίας, 1
φανταχτερές, 1
φαράγγι, 2
φαρδιά, 1
φαρδιές, 1
φαρδύ, 2
φαρμάκι, 1
φεγγάρι, 3
φεγγάρια, 2
φεγγίτη, 1
φεγγαράτη, 1
φεγγοβολούσαν, 1
φιδιού, 1
φιλί, 2
φιλαντρού, 1
φιλαντρούς, 1
φιλιά, 1
φιλιάς, 1
φιλιού, 2
φιλντίσι, 1
φιλντισένιο, 1
φιλοδικούσης, 1
φιλούσε, 1
φιλότιμό, 1
φκαιραίνει, 1
φκιάνου, 1
φλάμπουρο, 1
φλέβες, 1
φλαγκάρα, 2
φλασκί, 1
φλογέρα, 3
φλογανάβλεμμά, 1
φλογερό, 1
φλοκάτες, 1
φλούδα, 1
φλόγα, 5
φλόγες, 2
φοβέρα, 1
φοβερή, 1
φοβερίζοντας, 1
φοβούμαι, 1
φοβόταν, 1
φονιά, 5
φονιάδες, 1
φονιάς, 6
φονικές, 1
φορά, 1
φοράδες, 1
φοραδινές, 1
φορτιό, 1
φορτωμένες, 2
φορτωμένος, 1
φουμισμένο, 2
φουντωτές, 1
φουντωτό, 1
φουρτούνιασε, 1
φουρφούριζε, 1
φουσάτα, 1
φουσκώναν, 1
φουσκώνει, 1
φουχτάει, 1
φουχτώνει, 2
φούντα, 1
φούσκωναν, 1
φούσκωνε, 1
φούχτα, 5
φούχτες, 6
φούχτωναν, 1
φούχτωσε, 1
φράνει, 1
φρένα, 8
φρεγάδες, 1
φρουμάζοντας, 1
φρουματιστά, 1
φρόνεση, 1
φρόχειλο, 1
φρύδια, 4
φτάνει, 2
φτάνεις, 1
φτάνουν, 1
φτάσαν, 1
φτάσω, 1
φτέρνα, 1
φτέρνες, 1
φτέρουγες, 1
φταίτε, 1
φτενό, 1
φτερά, 1
φτεράκιζε, 1
φτεροκαταχτύπαε, 1
φτεροσεισμικό, 1
φτεροσοζυγιάει, 1
φτερουγόπαιξαν, 1
φτερούγες, 3
φτερούγιζε, 1
φτερωτό, 1
φτωχικά, 1
φτωχολογιάς, 1
φτωχούλα, 1
φτωχό, 1
φυλαχτάρια, 1
φυλλίζαν, 1
φυλλοσπάραχνά, 1
φυράναν, 1
φυραμένες, 1
φυσάει, 3
φυσούσε, 2
φωνάζαν, 2
φωνάζει, 4
φωνάζετε, 1
φωνάρα, 1
φωνές, 1
φωνή, 11
φωνούλα, 2
φως, 8
φωτερό, 2
φωτιά, 13
φωτογόνι, 1
φωτομαργελωμένα, 1
φωτώντας, 1
φόνος, 1
φόρα, 2
φόρτωσέ, 1
φύγαν, 1
φύγει, 5
φύλλα, 1
φύλλο, 2
φύσα, 1
φύσαε, 1
φύσηξε, 1
φώκιες, 1
φώναζε, 2
φώτισαν, 1
χάδεψε, 1
χάδι, 1
χάδια, 1
χάθη, 2
χάθηκαν, 1
χάθηκε, 4
χάλαβρα, 1
χάλευε, 1
χάμουρα, 1
χάμω, 1
χάνεται, 1
χάνουνται, 1
χάνουνταν, 1
χάρες, 2
χάρη, 2
χάχαρα, 2
χέρα, 4
χέρι, 2
χέρια, 21
χήρα, 2
χήρες, 1
χίλιες, 1
χίλιους, 1
χίμηξες, 1
χαίρου, 1
χαίρουμαι, 3
χαίρουνταν, 5
χαγιάτι, 1
χαδεύει, 2
χαδεύουν, 1
χαδολογάει, 1
χαδολογούσε, 1
χαηλωμένος, 1
χαθήκαν, 2
χαθεί, 2
χαθείς, 1
χαιράμενος, 1
χαιρόταν, 1
χαλέπεδά, 1
χαλκένιο, 1
χαλκιά, 1
χαλκιάς, 1
χαλκό, 1
χαλκόδετο, 1
χαλκός, 2
χαλκώματα, 1
χαλνάς, 1
χαμήλωσε, 1
χαμηλώνει, 1
χαμογέλασε, 2
χαμογέλιο, 1
χαμογελούσαν, 1
χαμογελούσε, 1
χαμουργάς, 1
χαμωγής, 1
χαμόγελο, 1
χαμόγελό, 1
χαμώγια, 3
χαν, 2
χαρά, 6
χαράματα, 1
χαρές, 6
χαρίζουν, 1
χαραυγή, 1
χαρβαλιάς, 1
χαρβαλόστομος, 1
χαρεί, 1
χαρείς, 1
χαριτώσει, 1
χαρούμενα, 1
χαρούμενη, 1
χαρούμενο, 1
χαρούμενοι, 1
χαρούμενος, 1
χαρούν, 2
χαρωπός, 2
χασκογέλασαν, 1
χασκογελάσαν, 1
χατίρι, 1
χαχάριζε, 1
χαχάρισε, 1
χαχαρίζει, 3
χαχαρίζοντας, 1
χαχαρίσματά, 1
χαϊμαλί, 1
χε, 2
χείλια, 10
χει, 1
χειλάκια, 1
χεράκι, 1
χεράκια, 1
χεροβολιές, 1
χερούκλα, 1
χερούκλες, 2
χετε, 1
χιλιόματο, 1
χιμάει, 5
χιμήξαν, 1
χιμούν, 2
χιοναδέρφια, 1
χιονοκορφοβούνια, 1
χιονοπετρωμένα, 1
χιονοριζοσκελώνει, 1
χιονοτροχάδια, 1
χιονοχώρι, 1
χιούτη, 1
χιράμια, 1
χιτώνια, 1
χιόνια, 7
χλαλοή, 1
χλια, 1
χλομή, 1
χλωμή, 1
χλωμιούν, 1
χλωρά, 2
χλωρόφουντο, 1
χλόη, 2
χλώρη, 1
χνουδάτα, 1
χνουδάτη, 1
χνουδωτή, 1
χνώτο, 2
χοιρόσφαζε, 1
χολοσκάς, 1
χοντρά, 3
χοντρές, 1
χοντρή, 3
χοντροκόκαλά, 1
χοντροκόκαλος, 1
χοντροτριπλοκοίλη, 1
χοντροτσίνουρα, 1
χοντροχωρατά, 1
χοντρό, 4
χοντρόκωλοι, 1
χοντρόπετση, 1
χορευτά, 1
χορευταράς, 1
χορευτό, 1
χορεύει, 1
χορεύοντας, 2
χορεύουν, 1
χορεύτρες, 4
χορολαχταρίζει, 1
χοροπηδάει, 1
χοροπηδούσε, 1
χορτάρι, 1
χορτάτα, 1
χορτάτη, 1
χορτάτοι, 1
χορτάτος, 1
χορτασμένο, 2
χουγιάζοντας, 1
χοχλάδια, 1
χοχλάζουν, 1
χοχλάκαε, 1
χούγαινα, 1
χούγιαξαν, 1
χρέος, 2
χρονιές, 2
χρονών, 1
χρουσά, 3
χρουσή, 1
χρουσοθυροστόμια, 1
χρουσοπόρφυρα, 1
χρουσοπόρφυρες, 1
χρουσοπότηρό, 1
χρουσοσταχυάζει, 1
χρουσό, 3
χρουσόκερα, 1
χρουσόψαρα, 1
χρωστάς, 1
χρωστάτε, 1
χρόνια, 4
χτίκιασε, 1
χτυπάει, 5
χτυπάτε, 1
χτυπητό, 1
χτυπούν, 2
χτύπα, 1
χτύπησε, 1
χω, 2
χωμένα, 1
χωμένο, 1
χωμένος, 1
χωματένια, 1
χωνοφάραγγο, 1
χωνωτό, 2
χωράει, 2
χωράφια, 2
χωρίς, 12
χωρίσουν, 1
χωρατάδικο, 1
χωριά, 5
χωριάτες, 1
χωριάτης, 1
χωριανοί, 1
χωριατιάς, 1
χωριατολόι, 1
χωρισμού, 1
χωριό, 2
χωρούσαν, 1
χωστός, 1
χόλιαζαν, 1
χόρευε, 1
χόρτα, 3
χόρτασαν, 1
χόρτασε, 2
χόχλος, 1
χύθη, 4
χύθηκαν, 2
χύνει, 2
χύνεται, 1
χύνουνται, 1
χώθη, 1
χώμα, 5
χώματα, 8
χώνοντας, 1
χώνος, 1
χώρα, 3
χώραε, 1
χώρας, 1
χώρες, 1
ψάχνω, 1
ψέλνει, 1
ψέμα, 1
ψένουν, 1
ψαρά, 3
ψαροκοπάδια, 1
ψαρύναν, 1
ψαχνά, 1
ψαχνό, 1
ψαχουλεύοντας, 1
ψαχούλευε, 1
ψευτιές, 1
ψηλά, 11
ψηλανασκουμπώθη, 1
ψιλή, 2
ψιλοτραγουδώντας, 1
ψιχάλα, 1
ψυχές, 5
ψυχή, 24
ψυχαρπάχτη, 1
ψωμί, 6
ψωμιού, 1
ως, 48
όδευε, 1
όλα, 6
όλες, 4
όλη, 7
όλο, 6
όλοι, 11
όλος, 1
όμορφα, 1
όμορφη, 1
όμως, 2
όνειρο, 2
όνειρό, 1
όντας, 4
όπου, 4
όπως, 3
όραμα, 1
όργωνε, 1
όρκο, 2
όσο, 3
ότι, 5
όχεντρα, 1
όχτο, 3
όχτον, 1
όχτους, 1
όψες, 2
όψη, 5
ύπνο, 7
ύπνος, 1
ύστερα, 1
ώμο, 4
ώμους, 3
ώρα, 5
ώρια, 1
ώριμου, 1
ώριο, 2
, 1
